"subplot_id","species_richness","shannon_diversity","simpson_diversity","pielou_evenness","exp_shannon","inv_simpson","site","CV","CV_rf","SV","CHV","CHV_nopca","image_type","year"
"1_1",8,1.53664989748816,0.65625,0.7389723955629,4.64898956198259,1.52380952380952,"NSABHC0009",0.321648927,0.406832415,0.044998905,7.12e-08,0.000444847,"unmasked",2016
"1_1",8,1.53664989748816,0.65625,0.7389723955629,4.64898956198259,1.52380952380952,"NSABHC0009",0.241106598,0.301477297,0.017472864,1.42e-07,0.000301851,"masked",2016
"1_2",12,2.28067714658592,0.877126654064272,0.917812001823288,9.78330289723431,1.14008620689655,"NSABHC0009",0.326376201,0.409687422,0.030415812,6.71e-08,0.000450834,"unmasked",2016
"1_2",12,2.28067714658592,0.877126654064272,0.917812001823288,9.78330289723431,1.14008620689655,"NSABHC0009",0.236186624,0.295164859,0.012134152,1.25e-07,0.000290118,"masked",2016
"1_3",14,2.52086690884447,0.909722222222222,0.95521490971626,12.4393757955369,1.09923664122137,"NSABHC0009",0.320349349,0.383100555,0.026959924,5.56e-08,0.000243366,"unmasked",2016
"1_3",14,2.52086690884447,0.909722222222222,0.95521490971626,12.4393757955369,1.09923664122137,"NSABHC0009",0.224423478,0.280616547,0.009508761,9.82e-08,0.000150213,"masked",2016
"1_4",18,2.60397186909987,0.89469387755102,0.900912438680635,13.5173205810591,1.11770072992701,"NSABHC0009",0.27130168,0.326518478,0.014517338,4.39e-08,0.000293161,"unmasked",2016
"1_4",18,2.60397186909987,0.89469387755102,0.900912438680635,13.5173205810591,1.11770072992701,"NSABHC0009",0.220808484,0.275927264,0.008866412,8.78e-08,0.00019427,"masked",2016
"1_5",15,2.55870293251402,0.912109375,0.944850627758893,12.9190495643018,1.09635974304069,"NSABHC0009",0.300021021,0.34414103,0.024863485,5.92e-08,0.000394957,"unmasked",2016
"1_5",15,2.55870293251402,0.912109375,0.944850627758893,12.9190495643018,1.09635974304069,"NSABHC0009",0.247140833,0.308901765,0.014100689,1.19e-07,0.000258348,"masked",2016
"2_1",5,1.46813993901621,0.743801652892562,0.912206632932989,4.34115281760506,1.34444444444444,"NSABHC0009",0.323227258,0.41281753,0.049319754,1.04e-07,0.000901869,"unmasked",2016
"2_1",5,1.46813993901621,0.743801652892562,0.912206632932989,4.34115281760506,1.34444444444444,"NSABHC0009",0.268590698,0.335815698,0.019511386,1.8e-07,0.000528914,"masked",2016
"2_2",17,2.61579431610105,0.911614317019722,0.923260622638501,13.6780767806447,1.09695512820513,"NSABHC0009",0.32301505,0.405720351,0.023634818,5.16e-08,0.000389788,"unmasked",2016
"2_2",17,2.61579431610105,0.911614317019722,0.923260622638501,13.6780767806447,1.09695512820513,"NSABHC0009",0.227274862,0.284194329,0.009320016,9.05e-08,0.000234384,"masked",2016
"2_3",16,2.49577921720071,0.89554419284149,0.900162074952302,12.1311826628393,1.11663947797716,"NSABHC0009",0.249958708,0.2965474,0.011207198,7.07e-08,0.000552999,"unmasked",2016
"2_3",16,2.49577921720071,0.89554419284149,0.900162074952302,12.1311826628393,1.11663947797716,"NSABHC0009",0.207553293,0.259271344,0.007379271,1.31e-07,0.000313873,"masked",2016
"2_4",14,2.27060953331103,0.859410430839002,0.860386588737749,9.68530252976321,1.16358839050132,"NSABHC0009",0.193891058,0.204357314,0.006484496,2.83e-08,0.000166588,"unmasked",2016
"2_4",14,2.27060953331103,0.859410430839002,0.860386588737749,9.68530252976321,1.16358839050132,"NSABHC0009",0.179860934,0.224795526,0.005620136,5.66e-08,0.000112895,"masked",2016
"2_5",10,2.12205774606,0.863636363636364,0.921597969393911,8.3482985034792,1.15789473684211,"NSABHC0009",0.296644384,0.352363109,0.023246939,6.78e-08,0.00048249,"unmasked",2016
"2_5",10,2.12205774606,0.863636363636364,0.921597969393911,8.3482985034792,1.15789473684211,"NSABHC0009",0.245656425,0.307088424,0.014058313,1.4e-07,0.000341396,"masked",2016
"3_1",3,1.03972077083992,0.625,0.946394630357186,2.82842712474619,1.6,"NSABHC0009",0.232096671,0.280325853,0.031809383,5.59e-08,0.000402376,"unmasked",2016
"3_1",3,1.03972077083992,0.625,0.946394630357186,2.82842712474619,1.6,"NSABHC0009",0.218166756,0.27277108,0.016280593,1.06e-07,0.000275158,"masked",2016
"3_2",16,2.55036234424845,0.904844290657439,0.919848776629297,12.8117452039033,1.10516252390057,"NSABHC0009",0.246913782,0.309990941,0.012607088,4.22e-08,0.000289959,"unmasked",2016
"3_2",16,2.55036234424845,0.904844290657439,0.919848776629297,12.8117452039033,1.10516252390057,"NSABHC0009",0.195870712,0.244829587,0.007634159,9.07e-08,0.0002089,"masked",2016
"3_3",11,2.10191034330972,0.840277777777778,0.876564697029812,8.18178501097674,1.1900826446281,"NSABHC0009",0.226965058,0.266087217,0.010986008,8.24e-08,0.000617945,"unmasked",2016
"3_3",11,2.10191034330972,0.840277777777778,0.876564697029812,8.18178501097674,1.1900826446281,"NSABHC0009",0.19006601,0.23758771,0.007246283,1.35e-07,0.000300672,"masked",2016
"3_4",12,2.21746506106769,0.861340679522498,0.892373587256035,9.18402040219127,1.16098081023454,"NSABHC0009",0.231177899,0.266432911,0.010224164,9.32e-08,0.001017658,"unmasked",2016
"3_4",12,2.21746506106769,0.861340679522498,0.892373587256035,9.18402040219127,1.16098081023454,"NSABHC0009",0.186779223,0.233387657,0.006411529,1.54e-07,0.000465426,"masked",2016
"3_5",10,2.1081697690535,0.855,0.91556649761519,8.23315890450298,1.16959064327485,"NSABHC0009",0.247204576,0.291721099,0.015562823,4.28e-08,0.000269981,"unmasked",2016
"3_5",10,2.1081697690535,0.855,0.91556649761519,8.23315890450298,1.16959064327485,"NSABHC0009",0.219492495,0.274313866,0.011448592,8.77e-08,0.000190101,"masked",2016
"4_1",13,2.44166056533043,0.90249433106576,0.951933245086321,11.4921083035706,1.10804020100503,"NSABHC0009",0.282894242,0.339751341,0.027567543,9.28e-08,0.000690635,"unmasked",2016
"4_1",13,2.44166056533043,0.90249433106576,0.951933245086321,11.4921083035706,1.10804020100503,"NSABHC0009",0.236293795,0.295367676,0.01316299,1.44e-07,0.000322581,"masked",2016
"4_2",12,2.35946568748707,0.893424036281179,0.949518843167958,10.5852940860843,1.11928934010152,"NSABHC0009",0.331064398,0.384156704,0.025283573,4.07e-08,0.000261254,"unmasked",2016
"4_2",12,2.35946568748707,0.893424036281179,0.949518843167958,10.5852940860843,1.11928934010152,"NSABHC0009",0.219899362,0.274924148,0.008476373,7.09e-08,0.00015977,"masked",2016
"4_3",10,1.94365986469901,0.820301783264746,0.844120753935599,6.98426571944811,1.2190635451505,"NSABHC0009",0.274403795,0.310700437,0.015218468,7.9e-08,0.000545691,"unmasked",2016
"4_3",10,1.94365986469901,0.820301783264746,0.844120753935599,6.98426571944811,1.2190635451505,"NSABHC0009",0.205875547,0.257380372,0.007561527,1.37e-07,0.000302742,"masked",2016
"4_4",7,1.69240886298655,0.769230769230769,0.869726109300663,5.43255122783702,1.3,"NSABHC0009",0.282303328,0.337695743,0.017112016,8.76e-08,0.000754773,"unmasked",2016
"4_4",7,1.69240886298655,0.769230769230769,0.869726109300663,5.43255122783702,1.3,"NSABHC0009",0.213418441,0.266702762,0.008508581,1.41e-07,0.000390308,"masked",2016
"4_5",15,2.54334766996202,0.9056,0.93918039958301,12.7221894536869,1.10424028268551,"NSABHC0009",0.310083068,0.328451877,0.017989021,7.88e-08,0.00076504,"unmasked",2016
"4_5",15,2.54334766996202,0.9056,0.93918039958301,12.7221894536869,1.10424028268551,"NSABHC0009",0.223170958,0.278800791,0.008575932,1.44e-07,0.000451007,"masked",2016
"5_1",12,2.32218794280707,0.882716049382716,0.934517175124137,10.1979624732045,1.13286713286713,"NSABHC0009",0.307032461,0.358358678,0.024995329,4.7e-08,0.000307357,"unmasked",2016
"5_1",12,2.32218794280707,0.882716049382716,0.934517175124137,10.1979624732045,1.13286713286713,"NSABHC0009",0.231806074,0.28972603,0.01045748,8.35e-08,0.000185949,"masked",2016
"5_2",6,1.49104260869242,0.72,0.832166724551933,4.4417240858336,1.38888888888889,"NSABHC0009",0.305786832,0.368881774,0.018940149,4.97e-08,0.000299096,"unmasked",2016
"5_2",6,1.49104260869242,0.72,0.832166724551933,4.4417240858336,1.38888888888889,"NSABHC0009",0.211629528,0.264533499,0.007283462,8.52e-08,0.000170536,"masked",2016
"5_3",6,1.45559918997694,0.716553287981859,0.812385375925521,4.28705145443084,1.39556962025316,"NSABHC0009",0.257493455,0.283993003,0.012398936,2.96e-08,0.000205205,"unmasked",2016
"5_3",6,1.45559918997694,0.716553287981859,0.812385375925521,4.28705145443084,1.39556962025316,"NSABHC0009",0.210211149,0.262787064,0.007610128,5.34e-08,0.000128118,"masked",2016
"5_4",13,2.30494437389714,0.881542699724518,0.898631533286209,10.0236206619628,1.134375,"NSABHC0009",0.325210658,0.367417107,0.020565028,5.52e-08,0.000416415,"unmasked",2016
"5_4",13,2.30494437389714,0.881542699724518,0.898631533286209,10.0236206619628,1.134375,"NSABHC0009",0.220066262,0.275071038,0.008248595,1.03e-07,0.000264289,"masked",2016
"5_5",11,2.10556124211643,0.842249657064472,0.878087240090022,8.21171047428937,1.18729641693811,"NSABHC0009",0.351478043,0.420840857,0.038657334,5.86e-08,0.000477026,"unmasked",2016
"5_5",11,2.10556124211643,0.842249657064472,0.878087240090022,8.21171047428937,1.18729641693811,"NSABHC0009",0.244642006,0.305931742,0.013218737,1.04e-07,0.000287746,"masked",2016
"1_1",6,1.67698777432242,0.790123456790123,0.935944697445866,5.34941802342378,1.265625,"NSABHC0012",0.232189567,0.290330132,0.021260742,4.71e-08,0.000223591,"unmasked",2016
"1_1",6,1.67698777432242,0.790123456790123,0.935944697445866,5.34941802342378,1.265625,"NSABHC0012",0.161940608,0.202501714,0.008781209,5.17e-08,0.00014436,"masked",2016
"1_2",8,1.95125950414396,0.840236686390533,0.938357470038648,7.03754581904662,1.19014084507042,"NSABHC0012",0.207072714,0.258691786,0.0150551,5.41e-08,0.000249943,"unmasked",2016
"1_2",8,1.95125950414396,0.840236686390533,0.938357470038648,7.03754581904662,1.19014084507042,"NSABHC0012",0.158958,0.198647383,0.008631755,5.63e-08,0.000163741,"masked",2016
"1_3",7,1.53530701758817,0.715,0.788991731367208,4.64275071729169,1.3986013986014,"NSABHC0012",0.252194473,0.315232526,0.027072212,7.96e-08,0.000383296,"unmasked",2016
"1_3",7,1.53530701758817,0.715,0.788991731367208,4.64275071729169,1.3986013986014,"NSABHC0012",0.193000197,0.24120482,0.014292631,9.14e-08,0.000259371,"masked",2016
"1_4",7,1.30206139187297,0.57617728531856,0.669127190947171,3.6768683273471,1.73557692307692,"NSABHC0012",0.179133674,0.223985412,0.014579415,4.63e-08,0.000195359,"unmasked",2016
"1_4",7,1.30206139187297,0.57617728531856,0.669127190947171,3.6768683273471,1.73557692307692,"NSABHC0012",0.168601823,0.210779171,0.012802289,6.72e-08,0.000171849,"masked",2016
"1_5",8,1.98133251472398,0.8515625,0.952819531114783,7.25240047977867,1.1743119266055,"NSABHC0012",0.159212794,0.199046945,0.014759575,4.43e-08,0.000185692,"unmasked",2016
"1_5",8,1.98133251472398,0.8515625,0.952819531114783,7.25240047977867,1.1743119266055,"NSABHC0012",0.148937874,0.186192994,0.012243576,5.86e-08,0.000151882,"masked",2016
"2_1",12,2.23269447718707,0.853185595567867,0.898502355159921,9.3249581462972,1.17207792207792,"NSABHC0012",0.153859306,0.192281366,0.00815053,3.76e-08,0.000175451,"unmasked",2016
"2_1",12,2.23269447718707,0.853185595567867,0.898502355159921,9.3249581462972,1.17207792207792,"NSABHC0012",0.148551391,0.185741568,0.007730686,5.13e-08,0.000149948,"masked",2016
"2_2",14,2.20209030524857,0.836734693877551,0.834423064833384,9.04389826310449,1.19512195121951,"NSABHC0012",0.16992117,0.212398469,0.010728374,4.93e-08,0.000254587,"unmasked",2016
"2_2",14,2.20209030524857,0.836734693877551,0.834423064833384,9.04389826310449,1.19512195121951,"NSABHC0012",0.16372283,0.204694492,0.010059315,6.66e-08,0.000210019,"masked",2016
"2_3",9,1.92153253594294,0.822314049586777,0.874527144727503,6.83141984748176,1.21608040201005,"NSABHC0012",0.195664746,0.244586416,0.015829135,5.49e-08,0.000279095,"unmasked",2016
"2_3",9,1.92153253594294,0.822314049586777,0.874527144727503,6.83141984748176,1.21608040201005,"NSABHC0012",0.181871782,0.227314936,0.013375092,7.8e-08,0.000240842,"masked",2016
"2_4",4,1.27703425946614,0.693877551020408,0.921185496588554,3.58598882705695,1.44117647058824,"NSABHC0012",0.214816316,0.268491101,0.035764361,6.51e-08,0.000285258,"unmasked",2016
"2_4",4,1.27703425946614,0.693877551020408,0.921185496588554,3.58598882705695,1.44117647058824,"NSABHC0012",0.174121794,0.217677306,0.017442401,8.14e-08,0.000211608,"masked",2016
"2_5",6,1.74786809746676,0.816326530612245,0.975503759006108,5.74234749205346,1.225,"NSABHC0012",0.185696094,0.232091024,0.036762712,5.12e-08,0.000267232,"unmasked",2016
"2_5",6,1.74786809746676,0.816326530612245,0.975503759006108,5.74234749205346,1.225,"NSABHC0012",0.164027294,0.205000635,0.019333068,6.77e-08,0.000222187,"masked",2016
"3_1",10,1.99864208199156,0.823045267489712,0.867999227508561,7.3790291759989,1.215,"NSABHC0012",0.183398477,0.229232371,0.014599039,6.22e-08,0.00038424,"unmasked",2016
"3_1",10,1.99864208199156,0.823045267489712,0.867999227508561,7.3790291759989,1.215,"NSABHC0012",0.169765197,0.212227856,0.012199388,8.42e-08,0.000318128,"masked",2016
"3_2",9,1.5507721843811,0.661117717003567,0.705786836892732,4.71510971129052,1.51258992805755,"NSABHC0012",0.189042155,0.236290109,0.013366215,4.83e-08,0.000278205,"unmasked",2016
"3_2",9,1.5507721843811,0.661117717003567,0.705786836892732,4.71510971129052,1.51258992805755,"NSABHC0012",0.182775928,0.228496186,0.012647866,6.55e-08,0.00023203,"masked",2016
"3_3",10,1.98653023662105,0.82,0.862739119898485,7.29019457707424,1.21951219512195,"NSABHC0012",0.18036956,0.225428222,0.013472271,1.11e-07,0.000432467,"unmasked",2016
"3_3",10,1.98653023662105,0.82,0.862739119898485,7.29019457707424,1.21951219512195,"NSABHC0012",0.169871741,0.212296426,0.011862555,7.67e-08,0.000190151,"masked",2016
"3_4",8,1.80189240065887,0.791111111111111,0.866527076882021,6.06110666053591,1.26404494382022,"NSABHC0012",0.218934071,0.273703503,0.031038974,7.99e-08,0.000372182,"unmasked",2016
"3_4",8,1.80189240065887,0.791111111111111,0.866527076882021,6.06110666053591,1.26404494382022,"NSABHC0012",0.172765535,0.215971924,0.015464189,1.04e-07,0.000295037,"masked",2016
"3_5",10,2.06364957047885,0.8359375,0.896231621040982,7.87465654540617,1.19626168224299,"NSABHC0012",0.221403321,0.276788386,0.033442844,5.43e-08,0.000253545,"unmasked",2016
"3_5",10,2.06364957047885,0.8359375,0.896231621040982,7.87465654540617,1.19626168224299,"NSABHC0012",0.172257981,0.215345303,0.015888203,7.05e-08,0.000193537,"masked",2016
"4_2",10,1.67262544615032,0.677685950413223,0.726412001554049,5.3261329320071,1.47560975609756,"NSABHC0012",0.170277919,0.212802212,0.013660828,4.54e-08,0.000241161,"unmasked",2016
"4_2",10,1.67262544615032,0.677685950413223,0.726412001554049,5.3261329320071,1.47560975609756,"NSABHC0012",0.159055043,0.198754846,0.011656804,6.23e-08,0.000202206,"masked",2016
"4_3",10,2.19722457733622,0.876543209876543,0.954242509439325,9,1.14084507042254,"NSABHC0012",0.153544933,0.191927745,0.010731383,2.73e-08,0.000105561,"unmasked",2016
"4_3",10,2.19722457733622,0.876543209876543,0.954242509439325,9,1.14084507042254,"NSABHC0012",0.14905916,0.186317239,0.010024673,4.11e-08,9.63e-05,"masked",2016
"4_4",7,1.76948841531069,0.807256235827664,0.909337163470641,5.86785069081537,1.23876404494382,"NSABHC0012",0.195225561,0.244047322,0.022228622,5.41e-08,0.000259811,"unmasked",2016
"4_4",7,1.76948841531069,0.807256235827664,0.909337163470641,5.86785069081537,1.23876404494382,"NSABHC0012",0.157063148,0.196272825,0.012522118,7.11e-08,0.000202854,"masked",2016
"4_5",6,1.54197643276282,0.734375,0.860593433016517,4.67381863664292,1.36170212765957,"NSABHC0012",0.172794874,0.215939515,0.011209612,4.46e-08,0.000199323,"unmasked",2016
"4_5",6,1.54197643276282,0.734375,0.860593433016517,4.67381863664292,1.36170212765957,"NSABHC0012",0.162859487,0.203534242,0.009829583,6.04e-08,0.000163806,"masked",2016
"5_3",9,2.06206954130016,0.858024691358025,0.938488292261909,7.86222418262669,1.16546762589928,"NSABHC0012",0.145715848,0.182125767,0.010497118,5.04e-08,0.000267425,"unmasked",2016
"5_3",9,2.06206954130016,0.858024691358025,0.938488292261909,7.86222418262669,1.16546762589928,"NSABHC0012",0.1428865,0.178571059,0.010037668,7.41e-08,0.000238462,"masked",2016
"5_4",9,1.69465715322607,0.724279835390947,0.771271708275068,5.44477892028835,1.38068181818182,"NSABHC0012",0.212190614,0.265248384,0.020599391,6.87e-08,0.000416039,"unmasked",2016
"5_4",9,1.69465715322607,0.724279835390947,0.771271708275068,5.44477892028835,1.38068181818182,"NSABHC0012",0.207651859,0.259579938,0.02014838,1.01e-07,0.000371993,"masked",2016
"5_5",9,1.70305467680642,0.714876033057851,0.775093585959746,5.49069409672791,1.39884393063584,"NSABHC0012",0.183580916,0.229453198,0.014246445,4.79e-08,0.000230161,"unmasked",2016
"5_5",9,1.70305467680642,0.714876033057851,0.775093585959746,5.49069409672791,1.39884393063584,"NSABHC0012",0.176488185,0.220568395,0.01345927,7.05e-08,0.000202322,"masked",2016
"1_1",3,0.995026990179521,0.592592592592593,0.905712598013837,2.70479734326014,1.6875,"NSABHC0009",0.401262878,0.481514585,0.004902914,1.25e-09,1.65e-07,"unmasked",2024
"1_1",3,0.995026990179521,0.592592592592593,0.905712598013837,2.70479734326014,1.6875,"NSABHC0009",0.299350158,0.359174436,0.00176031,1.69e-09,4.71e-08,"masked",2024
"1_2",5,1.35923670066501,0.68,0.844541246458714,3.89322047476173,1.47058823529412,"NSABHC0009",0.366651774,0.439988331,0.003714732,1.15e-09,1.37e-07,"unmasked",2024
"1_2",5,1.35923670066501,0.68,0.844541246458714,3.89322047476173,1.47058823529412,"NSABHC0009",0.287495296,0.345010973,0.00173788,1.79e-09,5.3e-08,"masked",2024
"1_3",8,1.808045719584,0.7890625,0.86948619778145,6.0985175654302,1.26732673267327,"NSABHC0009",0.350423608,0.420508581,0.002567301,1.03e-09,1.29e-07,"unmasked",2024
"1_3",8,1.808045719584,0.7890625,0.86948619778145,6.0985175654302,1.26732673267327,"NSABHC0009",0.25728119,0.308735616,0.00118418,1.39e-09,3.28e-08,"masked",2024
"1_4",8,1.88487133357816,0.816568047337278,0.90643150855566,6.58550705387242,1.22463768115942,"NSABHC0009",0.344654316,0.413590179,0.002272676,8.5e-10,7.87e-08,"unmasked",2024
"1_4",8,1.88487133357816,0.816568047337278,0.90643150855566,6.58550705387242,1.22463768115942,"NSABHC0009",0.277275049,0.332721582,0.001438126,1.5e-09,3.53e-08,"masked",2024
"1_5",5,1.56071040904141,0.777777777777778,0.969723899868247,4.7622031559046,1.28571428571429,"NSABHC0009",0.364091779,0.436915704,0.002946555,7.78e-10,8.19e-08,"unmasked",2024
"1_5",5,1.56071040904141,0.777777777777778,0.969723899868247,4.7622031559046,1.28571428571429,"NSABHC0009",0.290907697,0.349074633,0.001678882,1.29e-09,3.22e-08,"masked",2024
"2_1",5,1.36244748519163,0.702222222222222,0.846536219052448,3.90574085618811,1.42405063291139,"NSABHC0009",0.381498745,0.457798068,0.005034372,1.12e-09,1.23e-07,"unmasked",2024
"2_1",5,1.36244748519163,0.702222222222222,0.846536219052448,3.90574085618811,1.42405063291139,"NSABHC0009",0.344350528,0.41319326,0.002607956,1.69e-09,4.21e-08,"masked",2024
"2_2",9,2.11624078339457,0.872448979591837,0.963142687016625,8.29987773021439,1.14619883040936,"NSABHC0009",0.365621578,0.438739846,0.002955654,1.08e-09,1.23e-07,"unmasked",2024
"2_2",9,2.11624078339457,0.872448979591837,0.963142687016625,8.29987773021439,1.14619883040936,"NSABHC0009",0.291832978,0.350182149,0.001585037,1.75e-09,4.74e-08,"masked",2024
"2_3",9,2.11430813095153,0.869806094182826,0.962263098984076,8.28385244188648,1.14968152866242,"NSABHC0009",0.305855878,0.367026318,0.001527623,7.71e-10,7e-08,"unmasked",2024
"2_3",9,2.11430813095153,0.869806094182826,0.962263098984076,8.28385244188648,1.14968152866242,"NSABHC0009",0.252689612,0.303218794,0.001073272,1.4e-09,3.18e-08,"masked",2024
"2_4",8,1.96009513512456,0.84375,0.942606510371594,7.10000249264919,1.18518518518519,"NSABHC0009",0.274606588,0.329531734,0.001059425,5.8e-10,5.11e-08,"unmasked",2024
"2_4",8,1.96009513512456,0.84375,0.942606510371594,7.10000249264919,1.18518518518519,"NSABHC0009",0.240106402,0.288121022,0.000862624,1.06e-09,2.54e-08,"masked",2024
"2_5",5,1.49903067297901,0.760330578512397,0.931400125098263,4.4773469528284,1.31521739130435,"NSABHC0009",0.345623717,0.414747454,0.002721662,8.08e-10,8.39e-08,"unmasked",2024
"2_5",5,1.49903067297901,0.760330578512397,0.931400125098263,4.4773469528284,1.31521739130435,"NSABHC0009",0.271425746,0.325701743,0.001451376,1.22e-09,2.94e-08,"masked",2024
"3_1",2,0.636514168294813,0.444444444444444,0.918295834054489,1.88988157484231,2.25,"NSABHC0009",0.238234235,0.28588193,0.002523803,1.23e-09,1.56e-07,"unmasked",2024
"3_1",2,0.636514168294813,0.444444444444444,0.918295834054489,1.88988157484231,2.25,"NSABHC0009",0.218431192,0.262110643,0.001540275,1.59e-09,4.35e-08,"masked",2024
"3_2",6,1.3497923961724,0.625,0.753333479941888,3.85662479751264,1.6,"NSABHC0009",0.321213694,0.385453313,0.001882488,8.23e-10,1e-07,"unmasked",2024
"3_2",6,1.3497923961724,0.625,0.753333479941888,3.85662479751264,1.6,"NSABHC0009",0.260913057,0.313095137,0.001197498,1.26e-09,3.41e-08,"masked",2024
"3_3",5,1.40127664864337,0.726643598615917,0.87066213478474,4.06038033843453,1.37619047619048,"NSABHC0009",0.302917189,0.363501391,0.001637649,8.54e-10,1.04e-07,"unmasked",2024
"3_3",5,1.40127664864337,0.726643598615917,0.87066213478474,4.06038033843453,1.37619047619048,"NSABHC0009",0.245069278,0.294073922,0.001039343,1.45e-09,4.55e-08,"masked",2024
"3_4",5,1.35797785498732,0.680555555555556,0.843759081661951,3.88832259447933,1.46938775510204,"NSABHC0009",0.299062712,0.358875013,0.001623848,8.91e-10,1.05e-07,"unmasked",2024
"3_4",5,1.35797785498732,0.680555555555556,0.843759081661951,3.88832259447933,1.46938775510204,"NSABHC0009",0.256753801,0.308091756,0.001181137,1.64e-09,5.13e-08,"masked",2024
"3_5",2,0.693147180559945,0.5,1,2,2,"NSABHC0009",0.295900568,0.355082272,0.002282382,9.4e-10,1.02e-07,"unmasked",2024
"3_5",2,0.693147180559945,0.5,1,2,2,"NSABHC0009",0.245684725,0.294837204,0.001299039,1.64e-09,4.85e-08,"masked",2024
"4_1",5,1.38629436111989,0.6875,0.861353116146786,4,1.45454545454545,"NSABHC0009",0.297642265,0.357174216,0.002657131,1.26e-09,1.93e-07,"unmasked",2024
"4_1",5,1.38629436111989,0.6875,0.861353116146786,4,1.45454545454545,"NSABHC0009",0.245714116,0.294852791,0.001305519,1.56e-09,5e-08,"masked",2024
"4_2",7,1.73265872019921,0.781065088757396,0.890410444202866,5.65567078289921,1.28030303030303,"NSABHC0009",0.362344883,0.434811472,0.002763789,1.16e-09,1.75e-07,"unmasked",2024
"4_2",7,1.73265872019921,0.781065088757396,0.890410444202866,5.65567078289921,1.28030303030303,"NSABHC0009",0.265607825,0.318767779,0.001247644,1.64e-09,4.92e-08,"masked",2024
"4_3",10,2.11520907078974,0.85121107266436,0.918623627515687,8.29131905754592,1.17479674796748,"NSABHC0009",0.349452578,0.419343701,0.002082349,1.04e-09,1.57e-07,"unmasked",2024
"4_3",10,2.11520907078974,0.85121107266436,0.918623627515687,8.29131905754592,1.17479674796748,"NSABHC0009",0.256667374,0.307970905,0.001044478,1.45e-09,5.19e-08,"masked",2024
"4_4",4,1.22060726455302,0.66,0.880482023721841,3.38924527733983,1.51515151515152,"NSABHC0009",0.342401003,0.410879778,0.002464833,1.07e-09,1.54e-07,"unmasked",2024
"4_4",4,1.22060726455302,0.66,0.880482023721841,3.38924527733983,1.51515151515152,"NSABHC0009",0.25297158,0.303595093,0.001148185,1.54e-09,5.1e-08,"masked",2024
"4_5",6,1.73512645696292,0.814814814814815,0.968392514041223,5.66964472452693,1.22727272727273,"NSABHC0009",0.321488116,0.385777476,0.001996657,1.24e-09,1.39e-07,"unmasked",2024
"4_5",6,1.73512645696292,0.814814814814815,0.968392514041223,5.66964472452693,1.22727272727273,"NSABHC0009",0.246235046,0.295476737,0.00114398,1.71e-09,5.19e-08,"masked",2024
"5_1",5,1.50478828368119,0.76,0.934977529767123,4.50320012840204,1.31578947368421,"NSABHC0009",0.320298616,0.384358797,0.002797123,1.54e-09,3.34e-07,"unmasked",2024
"5_1",5,1.50478828368119,0.76,0.934977529767123,4.50320012840204,1.31578947368421,"NSABHC0009",0.255828785,0.306997828,0.001467459,1.86e-09,8.71e-08,"masked",2024
"5_2",8,1.89378823239114,0.809917355371901,0.910719630454857,6.64449194422446,1.23469387755102,"NSABHC0009",0.343735724,0.412480205,0.002545666,1.61e-09,2.89e-07,"unmasked",2024
"5_2",8,1.89378823239114,0.809917355371901,0.910719630454857,6.64449194422446,1.23469387755102,"NSABHC0009",0.260457854,0.312552312,0.001260832,1.81e-09,7.98e-08,"masked",2024
"5_3",9,2.12020822394067,0.87037037037037,0.964948347023808,8.33287241058561,1.14893617021277,"NSABHC0009",0.331143945,0.397374991,0.001884587,1.22e-09,1.87e-07,"unmasked",2024
"5_3",9,2.12020822394067,0.87037037037037,0.964948347023808,8.33287241058561,1.14893617021277,"NSABHC0009",0.258627104,0.31038148,0.001115672,1.71e-09,6.51e-08,"masked",2024
"5_4",11,2.27396571641925,0.8828125,0.948317360735068,9.71786278704123,1.13274336283186,"NSABHC0009",0.422885108,0.507455549,0.00267296,1.11e-09,1.48e-07,"unmasked",2024
"5_4",11,2.27396571641925,0.8828125,0.948317360735068,9.71786278704123,1.13274336283186,"NSABHC0009",0.271877878,0.326229125,0.001022856,1.6e-09,5.59e-08,"masked",2024
"5_5",6,1.62602069242075,0.769230769230769,0.90749942743224,5.08360518728255,1.3,"NSABHC0009",0.42365873,0.508390799,0.004985659,1.21e-09,1.75e-07,"unmasked",2024
"5_5",6,1.62602069242075,0.769230769230769,0.90749942743224,5.08360518728255,1.3,"NSABHC0009",0.284272763,0.341120237,0.001464356,1.58e-09,4.81e-08,"masked",2024
"1_1",5,1.5498260458782,0.775510204081633,0.962961064794514,4.71065067421325,1.28947368421053,"NSABHC0012",0.1905232,0.228626641,0.001751481,2.35e-09,3.02e-08,"unmasked",2024
"1_1",5,1.5498260458782,0.775510204081633,0.962961064794514,4.71065067421325,1.28947368421053,"NSABHC0012",0.190650235,0.228759675,0.001728618,2.26e-09,2e-08,"masked",2024
"1_2",3,0.830523691482846,0.5078125,0.755975242630612,2.29452004628532,1.96923076923077,"NSABHC0012",0.197062977,0.236475313,0.001722584,2.22e-09,2.94e-08,"unmasked",2024
"1_2",3,0.830523691482846,0.5078125,0.755975242630612,2.29452004628532,1.96923076923077,"NSABHC0012",0.191534003,0.229837693,0.001618365,2.18e-09,1.84e-08,"masked",2024
"1_3",3,0.936888307539016,0.567901234567901,0.85279248849004,2.55202792428089,1.76086956521739,"NSABHC0012",0.20444108,0.245330189,0.001839545,2.36e-09,3.64e-08,"unmasked",2024
"1_3",3,0.936888307539016,0.567901234567901,0.85279248849004,2.55202792428089,1.76086956521739,"NSABHC0012",0.197538973,0.237047968,0.001674246,2.39e-09,2.5e-08,"masked",2024
"1_4",4,1.32966134885476,0.722222222222222,0.959147917027245,3.77976314968462,1.38461538461538,"NSABHC0012",0.179747487,0.215694481,0.001447802,2.15e-09,2.89e-08,"unmasked",2024
"1_4",4,1.32966134885476,0.722222222222222,0.959147917027245,3.77976314968462,1.38461538461538,"NSABHC0012",0.174752175,0.209727825,0.001343509,1.9e-09,1.47e-08,"masked",2024
"1_5",5,1.50478828368119,0.76,0.934977529767123,4.50320012840204,1.31578947368421,"NSABHC0012",0.178054464,0.213667634,0.001389933,2.42e-09,3.26e-08,"unmasked",2024
"1_5",5,1.50478828368119,0.76,0.934977529767123,4.50320012840204,1.31578947368421,"NSABHC0012",0.173976296,0.208766543,0.00128639,2.09e-09,1.87e-08,"masked",2024
"2_1",5,1.23426786607908,0.611111111111111,0.766893743799275,3.43586208845225,1.63636363636364,"NSABHC0012",0.173186176,0.207824361,0.001342184,1.65e-09,1.97e-08,"unmasked",2024
"2_1",5,1.23426786607908,0.611111111111111,0.766893743799275,3.43586208845225,1.63636363636364,"NSABHC0012",0.170539817,0.204631858,0.001303002,1.89e-09,1.54e-08,"masked",2024
"2_2",5,1.30387552933639,0.650887573964497,0.810143416694102,3.68354472604923,1.53636363636364,"NSABHC0012",0.195416007,0.234500548,0.001705746,1.33e-09,1.42e-08,"unmasked",2024
"2_2",5,1.30387552933639,0.650887573964497,0.810143416694102,3.68354472604923,1.53636363636364,"NSABHC0012",0.190084737,0.22810475,0.001603675,1.44e-09,1.02e-08,"masked",2024
"2_3",3,1.00424247305408,0.612244897959184,0.914100892018565,2.7298385631036,1.63333333333333,"NSABHC0012",0.212347941,0.254816588,0.001969207,1.61e-09,1.65e-08,"unmasked",2024
"2_3",3,1.00424247305408,0.612244897959184,0.914100892018565,2.7298385631036,1.63333333333333,"NSABHC0012",0.202913021,0.243499367,0.001772019,1.76e-09,1.21e-08,"masked",2024
"2_4",4,1.15374194270109,0.612244897959184,0.832248889600231,3.17003282492367,1.63333333333333,"NSABHC0012",0.19369426,0.232432827,0.001884916,1.78e-09,1.98e-08,"unmasked",2024
"2_4",4,1.15374194270109,0.612244897959184,0.832248889600231,3.17003282492367,1.63333333333333,"NSABHC0012",0.191502378,0.229809059,0.001689307,1.9e-09,1.37e-08,"masked",2024
"2_5",3,1.09861228866811,0.666666666666667,1,3,1.5,"NSABHC0012",0.150046153,0.18005495,0.001406955,1.39e-09,1.55e-08,"unmasked",2024
"2_5",3,1.09861228866811,0.666666666666667,1,3,1.5,"NSABHC0012",0.156128758,0.187363646,0.0013343,1.4e-09,9.96e-09,"masked",2024
"3_1",8,2.04319187054512,0.864197530864198,0.982567593073364,7.71519584567766,1.15714285714286,"NSABHC0012",0.180905775,0.21708577,0.00146836,1.79e-09,2.14e-08,"unmasked",2024
"3_1",8,2.04319187054512,0.864197530864198,0.982567593073364,7.71519584567766,1.15714285714286,"NSABHC0012",0.183108843,0.219719733,0.001452621,2e-09,1.57e-08,"masked",2024
"3_2",9,2.14584175259475,0.87603305785124,0.976614668672713,8.54923454974006,1.14150943396226,"NSABHC0012",0.21394505,0.256733655,0.001722218,1.75e-09,2.27e-08,"unmasked",2024
"3_2",9,2.14584175259475,0.87603305785124,0.976614668672713,8.54923454974006,1.14150943396226,"NSABHC0012",0.205421165,0.246504259,0.001601853,1.91e-09,1.73e-08,"masked",2024
"3_3",6,1.74786809746676,0.816326530612245,0.975503759006108,5.74234749205346,1.225,"NSABHC0012",0.202938182,0.243528373,0.001743754,1.69e-09,1.56e-08,"unmasked",2024
"3_3",6,1.74786809746676,0.816326530612245,0.975503759006108,5.74234749205346,1.225,"NSABHC0012",0.196422961,0.235685527,0.001624493,1.85e-09,1.15e-08,"masked",2024
"3_4",3,1.05492016798614,0.64,0.960229717860761,2.87174588749259,1.5625,"NSABHC0012",0.190090149,0.228110505,0.001858377,1.37e-09,1.33e-08,"unmasked",2024
"3_4",3,1.05492016798614,0.64,0.960229717860761,2.87174588749259,1.5625,"NSABHC0012",0.183232701,0.219873653,0.001441028,1.41e-09,9.44e-09,"masked",2024
"3_5",4,1.38629436111989,0.75,1,4,1.33333333333333,"NSABHC0012",0.174891193,0.209868469,0.001789566,1.58e-09,1.72e-08,"unmasked",2024
"3_5",4,1.38629436111989,0.75,1,4,1.33333333333333,"NSABHC0012",0.184891346,0.221858437,0.001589956,1.55e-09,1.13e-08,"masked",2024
"4_1",7,1.81848316301237,0.816568047337278,0.934515483099356,6.16250384320462,1.22463768115942,"NSABHC0012",0.195124597,0.234151339,0.001828156,2.01e-09,2.4e-08,"unmasked",2024
"4_1",7,1.81848316301237,0.816568047337278,0.934515483099356,6.16250384320462,1.22463768115942,"NSABHC0012",0.186210256,0.223452785,0.001627185,2.24e-09,1.85e-08,"masked",2024
"4_2",6,1.63263092715435,0.777777777777778,0.911188669681059,5.11732032057026,1.28571428571429,"NSABHC0012",0.219732463,0.263678683,0.001948758,1.98e-09,2.65e-08,"unmasked",2024
"4_2",6,1.63263092715435,0.777777777777778,0.911188669681059,5.11732032057026,1.28571428571429,"NSABHC0012",0.206819327,0.248176135,0.00170217,2.21e-09,2.04e-08,"masked",2024
"4_3",6,1.67698777432242,0.790123456790123,0.935944697445866,5.34941802342378,1.265625,"NSABHC0012",0.20372687,0.244472407,0.001574336,1.49e-09,1.58e-08,"unmasked",2024
"4_3",6,1.67698777432242,0.790123456790123,0.935944697445866,5.34941802342378,1.265625,"NSABHC0012",0.193074821,0.231700518,0.001420842,1.62e-09,1.16e-08,"masked",2024
"4_4",2,0.693147180559945,0.5,1,2,2,"NSABHC0012",0.201105689,0.241326571,0.001700912,1.46e-09,1.64e-08,"unmasked",2024
"4_4",2,0.693147180559945,0.5,1,2,2,"NSABHC0012",0.192598829,0.23112078,0.001460702,1.49e-09,1.13e-08,"masked",2024
"4_5",5,1.45948187386908,0.737777777777778,0.906827074591388,4.30372907607261,1.35542168674699,"NSABHC0012",0.206119802,0.247345275,0.00161867,1.55e-09,1.27e-08,"unmasked",2024
"4_5",5,1.45948187386908,0.737777777777778,0.906827074591388,4.30372907607261,1.35542168674699,"NSABHC0012",0.1953792,0.234444224,0.001410166,1.5e-09,8.62e-09,"masked",2024
"5_1",3,1.09861228866811,0.666666666666667,1,3,1.5,"NSABHC0012",0.129981892,0.155981049,0.000997687,3.76e-09,1.13e-07,"unmasked",2024
"5_1",3,1.09861228866811,0.666666666666667,1,3,1.5,"NSABHC0012",0.176572778,0.211887564,0.001540709,2.03e-09,1.66e-08,"masked",2024
"5_2",4,1.21875900383729,0.681440443213296,0.879148785437412,3.38298685381851,1.46747967479675,"NSABHC0012",0.21259059,0.255108557,0.002133633,3.94e-09,7.75e-08,"unmasked",2024
"5_2",4,1.21875900383729,0.681440443213296,0.879148785437412,3.38298685381851,1.46747967479675,"NSABHC0012",0.205863959,0.247016983,0.001948659,3.75e-09,4.95e-08,"masked",2024
"5_3",5,1.22991860376421,0.640625,0.764191395183483,3.42095107241674,1.5609756097561,"NSABHC0012",0.199305668,0.239168764,0.001576676,1.67e-09,1.82e-08,"unmasked",2024
"5_3",5,1.22991860376421,0.640625,0.764191395183483,3.42095107241674,1.5609756097561,"NSABHC0012",0.187478967,0.224998201,0.00139525,1.79e-09,1.3e-08,"masked",2024
"5_4",7,1.70927136439708,0.79,0.87839172082374,5.52493434677784,1.26582278481013,"NSABHC0012",0.20359103,0.244307338,0.001469642,1.5e-09,1.82e-08,"unmasked",2024
"5_4",7,1.70927136439708,0.79,0.87839172082374,5.52493434677784,1.26582278481013,"NSABHC0012",0.187259892,0.224728538,0.001248512,1.64e-09,1.32e-08,"masked",2024
"5_5",5,1.2996509635499,0.6640625,0.807518546387612,3.66801617281868,1.50588235294118,"NSABHC0012",0.206860752,0.248233395,0.001469927,1.55e-09,1.81e-08,"unmasked",2024
"5_5",5,1.2996509635499,0.6640625,0.807518546387612,3.66801617281868,1.50588235294118,"NSABHC0012",0.190852041,0.229025544,0.001261389,1.59e-09,1.19e-08,"masked",2024
"1_1",5,1.42706104338072,0.716049382716049,0.886682880001534,4.16643620529281,1.39655172413793,"NSABHC0011",0.216631679,0.259957054,0.001804651,2.14e-09,2.88e-07,"unmasked",2024
"1_1",5,1.42706104338072,0.716049382716049,0.886682880001534,4.16643620529281,1.39655172413793,"NSABHC0011",0.202885022,0.243478746,0.001138597,4.42e-09,1.16e-07,"masked",2024
"1_2",6,1.66746193342929,0.78125,0.930628224416578,5.29870225712421,1.28,"NSABHC0011",0.213890182,0.256667931,0.001695546,1.84e-09,1.96e-07,"unmasked",2024
"1_2",6,1.66746193342929,0.78125,0.930628224416578,5.29870225712421,1.28,"NSABHC0011",0.201812116,0.242138774,0.001142839,4.27e-09,9.94e-08,"masked",2024
"1_3",6,1.58325845942048,0.75,0.883633370779725,4.87080128964072,1.33333333333333,"NSABHC0011",0.234708809,0.281650448,0.001721575,2.23e-09,1.76e-07,"unmasked",2024
"1_3",6,1.58325845942048,0.75,0.883633370779725,4.87080128964072,1.33333333333333,"NSABHC0011",0.207995294,0.249611494,0.001098957,5.27e-09,8.26e-08,"masked",2024
"1_4",3,0.900256051268537,0.53125,0.819448371872804,2.4602329762891,1.88235294117647,"NSABHC0011",0.220533935,0.26464089,0.001649287,2.34e-09,4e-07,"unmasked",2024
"1_4",3,0.900256051268537,0.53125,0.819448371872804,2.4602329762891,1.88235294117647,"NSABHC0011",0.193648247,0.232365161,0.000978733,4.57e-09,1.47e-07,"masked",2024
"1_5",4,1.05472091690681,0.581632653061225,0.760820318171659,2.87117374602673,1.71929824561403,"NSABHC0011",0.219039954,0.262850121,0.00174826,5.24e-09,1.38e-06,"unmasked",2024
"1_5",4,1.05472091690681,0.581632653061225,0.760820318171659,2.87117374602673,1.71929824561403,"NSABHC0011",0.200170444,0.240217806,0.001059709,7.89e-09,3.79e-07,"masked",2024
"2_1",5,1.38629436111989,0.6875,0.861353116146786,4,1.45454545454545,"NSABHC0011",0.222515516,0.267016389,0.001750397,1.73e-09,2.24e-07,"unmasked",2024
"2_1",5,1.38629436111989,0.6875,0.861353116146786,4,1.45454545454545,"NSABHC0011",0.211463557,0.25375312,0.001220241,4.05e-09,9.97e-08,"masked",2024
"2_2",3,0.867563228481461,0.5,0.789690082142847,2.3811015779523,2,"NSABHC0011",0.217441481,0.260929199,0.001622795,1.53e-09,2.4e-07,"unmasked",2024
"2_2",3,0.867563228481461,0.5,0.789690082142847,2.3811015779523,2,"NSABHC0011",0.200019435,0.240016257,0.001072687,3.35e-09,1.08e-07,"masked",2024
"2_3",5,1.42706104338072,0.716049382716049,0.886682880001534,4.16643620529281,1.39655172413793,"NSABHC0011",0.212801296,0.255361482,0.001413999,1.76e-09,2.9e-07,"unmasked",2024
"2_3",5,1.42706104338072,0.716049382716049,0.886682880001534,4.16643620529281,1.39655172413793,"NSABHC0011",0.19079947,0.228958452,0.000911014,4.02e-09,1.23e-07,"masked",2024
"2_4",4,0.940447988655326,0.48,0.67838982472352,2.56112851788714,2.08333333333333,"NSABHC0011",0.219553896,0.263466389,0.001670654,1.76e-09,3.88e-07,"unmasked",2024
"2_4",4,0.940447988655326,0.48,0.67838982472352,2.56112851788714,2.08333333333333,"NSABHC0011",0.195784792,0.234932787,0.001052341,3.85e-09,1.69e-07,"masked",2024
"2_5",5,1.35923670066501,0.68,0.844541246458714,3.89322047476173,1.47058823529412,"NSABHC0011",0.234254156,0.281107064,0.001776169,1.88e-09,3.97e-07,"unmasked",2024
"2_5",5,1.35923670066501,0.68,0.844541246458714,3.89322047476173,1.47058823529412,"NSABHC0011",0.203635123,0.24436454,0.001033077,3.78e-09,1.68e-07,"masked",2024
"3_1",8,2.04319187054512,0.864197530864198,0.982567593073364,7.71519584567766,1.15714285714286,"NSABHC0011",0.234846006,0.281816544,0.00170514,1.49e-09,6.86e-08,"unmasked",2024
"3_1",8,2.04319187054512,0.864197530864198,0.982567593073364,7.71519584567766,1.15714285714286,"NSABHC0011",0.202274786,0.24273779,0.001030008,3.29e-09,3.19e-08,"masked",2024
"3_2",2,0.500402423538188,0.32,0.721928094887362,1.64938488846612,3.125,"NSABHC0011",0.216647078,0.259975978,0.001386621,1.49e-09,8.1e-08,"unmasked",2024
"3_2",2,0.500402423538188,0.32,0.721928094887362,1.64938488846612,3.125,"NSABHC0011",0.189004476,0.226806754,0.00088779,3.11e-09,3.15e-08,"masked",2024
"3_3",6,1.58109375017182,0.740740740740741,0.882425223544658,4.86026882501538,1.35,"NSABHC0011",0.209004204,0.250805613,0.001343074,1.52e-09,1.12e-07,"unmasked",2024
"3_3",6,1.58109375017182,0.740740740740741,0.882425223544658,4.86026882501538,1.35,"NSABHC0011",0.185703828,0.222837008,0.000903946,3.14e-09,4.75e-08,"masked",2024
"3_4",3,1.05492016798614,0.64,0.960229717860761,2.87174588749259,1.5625,"NSABHC0011",0.222529663,0.267035834,0.001694746,2.21e-09,4.56e-07,"unmasked",2024
"3_4",3,1.05492016798614,0.64,0.960229717860761,2.87174588749259,1.5625,"NSABHC0011",0.202627159,0.243141262,0.001046013,4.71e-09,1.99e-07,"masked",2024
"3_5",4,1.2831726480161,0.698961937716263,0.925613407948596,3.60806871795753,1.43069306930693,"NSABHC0011",0.232705233,0.279243172,0.001669528,2.39e-09,3.36e-07,"unmasked",2024
"3_5",4,1.2831726480161,0.698961937716263,0.925613407948596,3.60806871795753,1.43069306930693,"NSABHC0011",0.200558275,0.240643758,0.000993579,4.51e-09,1.33e-07,"masked",2024
"4_1",7,1.88915916375402,0.839506172839506,0.970835762725816,6.61380521524019,1.19117647058824,"NSABHC0011",0.216688917,0.260025976,0.001526313,1.08e-09,4.32e-08,"unmasked",2024
"4_1",7,1.88915916375402,0.839506172839506,0.970835762725816,6.61380521524019,1.19117647058824,"NSABHC0011",0.192624109,0.231167318,0.000946899,2.49e-09,2e-08,"masked",2024
"4_2",4,1.2130075659799,0.65625,0.875,3.36358566101486,1.52380952380952,"NSABHC0011",0.211098237,0.253316954,0.001374564,1.52e-09,7.42e-08,"unmasked",2024
"4_2",4,1.2130075659799,0.65625,0.875,3.36358566101486,1.52380952380952,"NSABHC0011",0.189200353,0.227039965,0.00087855,3.23e-09,2.95e-08,"masked",2024
"4_3",4,0.836988216785836,0.416666666666667,0.603759374819711,2.3094010767585,2.4,"NSABHC0011",0.239716303,0.287658724,0.001605708,1.57e-09,1.38e-07,"unmasked",2024
"4_3",4,0.836988216785836,0.416666666666667,0.603759374819711,2.3094010767585,2.4,"NSABHC0011",0.20043162,0.240533237,0.000972212,3.06e-09,5.8e-08,"masked",2024
"4_4",7,1.72339170602205,0.788927335640138,0.885648140978509,5.60350170073035,1.26754385964912,"NSABHC0011",0.244897796,0.293876431,0.001852815,2.23e-09,3.91e-07,"unmasked",2024
"4_4",7,1.72339170602205,0.788927335640138,0.885648140978509,5.60350170073035,1.26754385964912,"NSABHC0011",0.210691371,0.252818236,0.001088513,4.55e-09,1.64e-07,"masked",2024
"4_5",7,1.56708122929332,0.704081632653061,0.80532044609259,4.79263914437691,1.42028985507246,"NSABHC0011",0.225876041,0.271050677,0.001610475,2.33e-09,2.29e-07,"unmasked",2024
"4_5",7,1.56708122929332,0.704081632653061,0.80532044609259,4.79263914437691,1.42028985507246,"NSABHC0011",0.199653886,0.23958169,0.001018253,4.93e-09,9.32e-08,"masked",2024
"5_1",5,1.35797785498732,0.680555555555556,0.843759081661951,3.88832259447933,1.46938775510204,"NSABHC0011",0.238228366,0.285875135,0.00176756,1.59e-09,7.57e-08,"unmasked",2024
"5_1",5,1.35797785498732,0.680555555555556,0.843759081661951,3.88832259447933,1.46938775510204,"NSABHC0011",0.201450754,0.241741341,0.000975814,3.05e-09,2.98e-08,"masked",2024
"5_2",5,1.55958115625988,0.78125,0.969022255665134,4.75682846001088,1.28,"NSABHC0011",0.244853145,0.293826678,0.001668404,1.57e-09,7.86e-08,"unmasked",2024
"5_2",5,1.55958115625988,0.78125,0.969022255665134,4.75682846001088,1.28,"NSABHC0011",0.202121064,0.24252806,0.000959383,3.33e-09,3.25e-08,"masked",2024
"5_3",3,1.03972077083992,0.625,0.946394630357186,2.82842712474619,1.6,"NSABHC0011",0.241511306,0.289814972,0.001670961,1.89e-09,2.11e-07,"unmasked",2024
"5_3",3,1.03972077083992,0.625,0.946394630357186,2.82842712474619,1.6,"NSABHC0011",0.204302171,0.245175827,0.001001821,3.9e-09,8.77e-08,"masked",2024
"5_4",3,1.09861228866811,0.666666666666667,1,3,1.5,"NSABHC0011",0.227556675,0.273067711,0.001529534,2.33e-09,3.79e-07,"unmasked",2024
"5_4",3,1.09861228866811,0.666666666666667,1,3,1.5,"NSABHC0011",0.201119347,0.241345391,0.001005553,4.71e-09,1.61e-07,"masked",2024
"5_5",4,0.836988216785836,0.416666666666667,0.603759374819711,2.3094010767585,2.4,"NSABHC0011",0.220649973,0.264780651,0.001602758,2.72e-09,3.04e-07,"unmasked",2024
"5_5",4,0.836988216785836,0.416666666666667,0.603759374819711,2.3094010767585,2.4,"NSABHC0011",0.210388733,0.252438696,0.001149533,5.65e-09,1.23e-07,"masked",2024
"1_1",4,0.940447988655326,0.48,0.67838982472352,2.56112851788714,2.08333333333333,"NSABHC0010",0.159564089,0.191476893,0.001094789,4.21e-09,1.06e-07,"unmasked",2024
"1_1",4,0.940447988655326,0.48,0.67838982472352,2.56112851788714,2.08333333333333,"NSABHC0010",0.120044579,0.144037717,0.000534274,1.02e-08,1.67e-08,"masked",2024
"1_2",3,1.05492016798614,0.64,0.960229717860761,2.87174588749259,1.5625,"NSABHC0010",0.131947779,0.158337325,0.000737374,2.33e-09,3.91e-08,"unmasked",2024
"1_2",3,1.05492016798614,0.64,0.960229717860761,2.87174588749259,1.5625,"NSABHC0010",0.1223864,0.146862835,0.000593651,7.75e-09,8.03e-09,"masked",2024
"1_3",3,1.03972077083992,0.625,0.946394630357186,2.82842712474619,1.6,"NSABHC0010",0.140139304,0.168167198,0.000889559,2.34e-09,3.1e-08,"unmasked",2024
"1_3",3,1.03972077083992,0.625,0.946394630357186,2.82842712474619,1.6,"NSABHC0010",0.129802249,0.155753755,0.000639019,7.25e-09,6.8e-09,"masked",2024
"1_5",3,1.01140426470735,0.611111111111111,0.920619835714305,2.74945927399721,1.63636363636364,"NSABHC0010",0.144956712,0.173948065,0.000828681,3.62e-09,6.23e-08,"unmasked",2024
"1_5",3,1.01140426470735,0.611111111111111,0.920619835714305,2.74945927399721,1.63636363636364,"NSABHC0010",0.137365232,0.164823896,0.000669481,8.78e-09,1.05e-08,"masked",2024
"2_1",5,1.42412991734677,0.722222222222222,0.884861668999043,4.15424173615638,1.38461538461538,"NSABHC0010",0.142417039,0.170900423,0.000864852,3.23e-09,1.05e-07,"unmasked",2024
"2_1",5,1.42412991734677,0.722222222222222,0.884861668999043,4.15424173615638,1.38461538461538,"NSABHC0010",0.131070418,0.157266802,0.000699695,8.38e-09,1.94e-08,"masked",2024
"2_3",2,0.693147180559945,0.5,1,2,2,"NSABHC0010",0.140976936,0.169172328,0.000946721,1.97e-09,4.47e-08,"unmasked",2024
"2_3",2,0.693147180559945,0.5,1,2,2,"NSABHC0010",0.128546742,0.154235167,0.000610886,4.91e-09,6.58e-09,"masked",2024
"2_5",3,1.03972077083992,0.625,0.946394630357186,2.82842712474619,1.6,"NSABHC0010",0.148372059,0.178046455,0.001167081,2.27e-09,4.4e-08,"unmasked",2024
"2_5",3,1.03972077083992,0.625,0.946394630357186,2.82842712474619,1.6,"NSABHC0010",0.15527322,0.18633238,0.000871804,7.53e-09,9.07e-09,"masked",2024
"3_5",3,1.00424247305408,0.612244897959184,0.914100892018565,2.7298385631036,1.63333333333333,"NSABHC0010",0.157806721,0.189368063,0.001124849,2.61e-09,4.13e-08,"unmasked",2024
"3_5",3,1.00424247305408,0.612244897959184,0.914100892018565,2.7298385631036,1.63333333333333,"NSABHC0010",0.140160832,0.168184927,0.000691265,7.1e-09,6.82e-09,"masked",2024
"4_3",3,1.03972077083992,0.625,0.946394630357186,2.82842712474619,1.6,"NSABHC0010",0.165076757,0.198092109,0.001383822,2.01e-09,2.1e-08,"unmasked",2024
"4_3",3,1.03972077083992,0.625,0.946394630357186,2.82842712474619,1.6,"NSABHC0010",0.160119965,0.192146548,0.000920513,5.8e-09,3.76e-09,"masked",2024
"4_4",2,0.636514168294813,0.444444444444444,0.918295834054489,1.88988157484231,2.25,"NSABHC0010",0.153441134,0.184129338,0.000973913,2.04e-09,3.36e-08,"unmasked",2024
"4_4",2,0.636514168294813,0.444444444444444,0.918295834054489,1.88988157484231,2.25,"NSABHC0010",0.137281985,0.164741699,0.000654926,5.38e-09,5.97e-09,"masked",2024
"4_5",4,1.35178399428965,0.73469387755102,0.975106032457373,3.86431329785834,1.36111111111111,"NSABHC0010",0.15478432,0.185741174,0.001020871,2.02e-09,1.96e-08,"unmasked",2024
"4_5",4,1.35178399428965,0.73469387755102,0.975106032457373,3.86431329785834,1.36111111111111,"NSABHC0010",0.134709425,0.161634825,0.000672191,5.5e-09,3.15e-09,"masked",2024
"5_2",2,0.693147180559945,0.5,1,2,2,"NSABHC0010",0.134917333,0.161900788,0.000951728,2.14e-09,2.12e-08,"unmasked",2024
"5_2",2,0.693147180559945,0.5,1,2,2,"NSABHC0010",0.136720731,0.16406726,0.00069927,6.08e-09,3.96e-09,"masked",2024
"5_3",4,1.33217904021012,0.72,0.960964047443681,3.789291416276,1.38888888888889,"NSABHC0010",0.142973436,0.171568125,0.000935259,1.42e-09,1.27e-08,"unmasked",2024
"5_3",4,1.33217904021012,0.72,0.960964047443681,3.789291416276,1.38888888888889,"NSABHC0010",0.129138468,0.154993279,0.00061304,3.98e-09,2.42e-09,"masked",2024
"5_4",3,1.01140426470735,0.611111111111111,0.920619835714305,2.74945927399721,1.63636363636364,"NSABHC0010",0.144693581,0.173632321,0.000928417,1.36e-09,2.03e-08,"unmasked",2024
"5_4",3,1.01140426470735,0.611111111111111,0.920619835714305,2.74945927399721,1.63636363636364,"NSABHC0010",0.123412818,0.148100441,0.000546619,3.93e-09,4.14e-09,"masked",2024
"5_5",3,1.00424247305408,0.612244897959184,0.914100892018565,2.7298385631036,1.63333333333333,"NSABHC0010",0.12906711,0.154880533,0.00065091,1.44e-09,1.47e-08,"unmasked",2024
"5_5",3,1.00424247305408,0.612244897959184,0.914100892018565,2.7298385631036,1.63333333333333,"NSABHC0010",0.123405567,0.148087087,0.000536566,3.86e-09,2.11e-09,"masked",2024
