"...1","subplot_id","species_richness","shannon_diversity","simpson_diversity","pielou_evenness","site","CV","SV","CHV","CHV_nopca","image_type","year"
1,"1_1",8,1.53664989748816,0.65625,0.7389723955629,"NSABHC0009",0.321648926667123,0.0449989047761626,7.12067688986123e-08,0.00044484680821544,"unmasked",2016
2,"1_1",8,1.53664989748816,0.65625,0.7389723955629,"NSABHC0009",0.241106598049293,0.0174728643507981,1.42345734526778e-07,0.0003018513900029,"masked",2016
3,"1_2",14,2.3979365438641,0.884615384615385,0.908633744691589,"NSABHC0009",0.326376201094478,0.0304158124605377,6.70604004904929e-08,0.00045083354088192,"unmasked",2016
4,"1_2",14,2.3979365438641,0.884615384615385,0.908633744691589,"NSABHC0009",0.236186623623047,0.0121341521174186,1.24733751065065e-07,0.00029011768971998,"masked",2016
5,"1_3",14,2.49800275708586,0.9056,0.946551152585243,"NSABHC0009",0.320349348758242,0.0269599236242993,5.56050012377352e-08,0.00024336577481121,"unmasked",2016
6,"1_3",14,2.49800275708586,0.9056,0.946551152585243,"NSABHC0009",0.224423478186942,0.00950876117791845,9.8164868807899e-08,0.00015021258002622,"masked",2016
7,"1_4",19,2.65856986252183,0.899691358024691,0.902912195271393,"NSABHC0009",0.271301680221846,0.0145173379035791,4.38648606877281e-08,0.00029316101004305,"unmasked",2016
8,"1_4",19,2.65856986252183,0.899691358024691,0.902912195271393,"NSABHC0009",0.220808483971576,0.00886641198209276,8.78056957106212e-08,0.00019426984473256,"masked",2016
9,"1_5",15,2.57495151873125,0.914600550964187,0.950850733004586,"NSABHC0009",0.300021021346561,0.0248634846417891,5.91576728033764e-08,0.00039495713491554,"unmasked",2016
10,"1_5",15,2.57495151873125,0.914600550964187,0.950850733004586,"NSABHC0009",0.247140832772583,0.0141006892619139,1.18744708868699e-07,0.00025834824708293,"masked",2016
11,"2_1",5,1.46813993901621,0.743801652892562,0.912206632932989,"NSABHC0009",0.323227257775828,0.0493197543780878,1.04012699224727e-07,0.00090186899826253,"unmasked",2016
12,"2_1",5,1.46813993901621,0.743801652892562,0.912206632932989,"NSABHC0009",0.26859069827436,0.0195113857362322,1.8008231748444e-07,0.00052891389220929,"masked",2016
13,"2_2",17,2.61579431610105,0.911614317019722,0.923260622638501,"NSABHC0009",0.32301504999026,0.0236348177954882,5.15876845329657e-08,0.00038978809529111,"unmasked",2016
14,"2_2",17,2.61579431610105,0.911614317019722,0.923260622638501,"NSABHC0009",0.227274862123224,0.00932001598769077,9.04947893716798e-08,0.00023438444597643,"masked",2016
15,"2_3",16,2.49577921720071,0.89554419284149,0.900162074952302,"NSABHC0009",0.249958708156312,0.0112071976157017,7.06613867495649e-08,0.00055299879002292,"unmasked",2016
16,"2_3",16,2.49577921720071,0.89554419284149,0.900162074952302,"NSABHC0009",0.207553292989113,0.00737927114724606,1.31200190861267e-07,0.00031387279548497,"masked",2016
17,"2_4",14,2.27060953331103,0.859410430839002,0.860386588737749,"NSABHC0009",0.19389105779979,0.00648449623172243,2.82803281110815e-08,0.00016658782068167,"unmasked",2016
18,"2_4",14,2.27060953331103,0.859410430839002,0.860386588737749,"NSABHC0009",0.179860933678732,0.00562013588070628,5.66040241548235e-08,0.00011289471997385,"masked",2016
19,"2_5",11,2.20863927851337,0.873345935727788,0.921074120111953,"NSABHC0009",0.296644383547685,0.0232469385652141,6.77852271711425e-08,0.00048249030173167,"unmasked",2016
20,"2_5",11,2.20863927851337,0.873345935727788,0.921074120111953,"NSABHC0009",0.245656425241218,0.0140583131520819,1.3953830976518e-07,0.0003413964356631,"masked",2016
21,"3_1",4,1.33217904021012,0.72,0.960964047443681,"NSABHC0009",0.232096670687451,0.0318093829830828,5.59438210958914e-08,0.00040237630082069,"unmasked",2016
22,"3_1",4,1.33217904021012,0.72,0.960964047443681,"NSABHC0009",0.21816675597762,0.0162805932180211,1.06320858340385e-07,0.00027515760040219,"masked",2016
23,"3_2",16,2.55036234424845,0.904844290657439,0.919848776629297,"NSABHC0009",0.246913782287756,0.0126070877204633,4.2236268712839e-08,0.00028995881804113,"unmasked",2016
24,"3_2",16,2.55036234424845,0.904844290657439,0.919848776629297,"NSABHC0009",0.195870712280584,0.00763415915728913,9.07106866757437e-08,0.00020890025586707,"masked",2016
25,"3_3",11,2.06521162570945,0.8288,0.861260143066766,"NSABHC0009",0.226965058013284,0.0109860079688629,8.23967916909943e-08,0.00061794489797774,"unmasked",2016
26,"3_3",11,2.06521162570945,0.8288,0.861260143066766,"NSABHC0009",0.1900660102117,0.00724628346767833,1.34891139166109e-07,0.00030067233513804,"masked",2016
27,"3_4",12,2.21746506106769,0.861340679522498,0.892373587256035,"NSABHC0009",0.231177898543812,0.0102241642541457,9.3220691603946e-08,0.00101765780336501,"unmasked",2016
28,"3_4",12,2.21746506106769,0.861340679522498,0.892373587256035,"NSABHC0009",0.186779223005092,0.00641152868264485,1.54469007468384e-07,0.00046542635414151,"masked",2016
29,"3_5",10,2.1081697690535,0.855,0.91556649761519,"NSABHC0009",0.247204575716353,0.0155628225754157,4.28320204030244e-08,0.00026998092909993,"unmasked",2016
30,"3_5",10,2.1081697690535,0.855,0.91556649761519,"NSABHC0009",0.219492494931124,0.0114485922021524,8.77263524317259e-08,0.0001901007802256,"masked",2016
31,"4_1",13,2.44166056533043,0.90249433106576,0.951933245086321,"NSABHC0009",0.282894241955407,0.0275675431458629,9.27596991847018e-08,0.00069063492674741,"unmasked",2016
32,"4_1",13,2.44166056533043,0.90249433106576,0.951933245086321,"NSABHC0009",0.236293795334968,0.0131629895703218,1.43691385146498e-07,0.00032258087703371,"masked",2016
33,"4_2",12,2.35946568748707,0.893424036281179,0.949518843167958,"NSABHC0009",0.331064397608623,0.0252835731452868,4.07327324853093e-08,0.00026125382672537,"unmasked",2016
34,"4_2",12,2.35946568748707,0.893424036281179,0.949518843167958,"NSABHC0009",0.219899361515256,0.00847637298896791,7.08636645614464e-08,0.00015977000482046,"masked",2016
35,"4_3",10,1.94365986469901,0.820301783264746,0.844120753935599,"NSABHC0009",0.274403795348718,0.0152184677824811,7.89691431264702e-08,0.00054569085959241,"unmasked",2016
36,"4_3",10,1.94365986469901,0.820301783264746,0.844120753935599,"NSABHC0009",0.20587554739046,0.00756152715959706,1.37322328957267e-07,0.0003027415442068,"masked",2016
37,"4_4",7,1.69240886298655,0.769230769230769,0.869726109300663,"NSABHC0009",0.282303327927663,0.0171120164063095,8.75928754745211e-08,0.00075477341735534,"unmasked",2016
38,"4_4",7,1.69240886298655,0.769230769230769,0.869726109300663,"NSABHC0009",0.213418441166578,0.00850858106472848,1.41164594133888e-07,0.00039030753230258,"masked",2016
39,"4_5",15,2.54334766996202,0.9056,0.93918039958301,"NSABHC0009",0.310083068286253,0.0179890207309998,7.8820431615939e-08,0.00076504048665807,"unmasked",2016
40,"4_5",15,2.54334766996202,0.9056,0.93918039958301,"NSABHC0009",0.22317095758437,0.00857593243928723,1.43594547075974e-07,0.00045100651219485,"masked",2016
41,"5_1",12,2.32218794280707,0.882716049382716,0.934517175124137,"NSABHC0009",0.30703246055757,0.0249953291291294,4.7027423774149e-08,0.00030735664304393,"unmasked",2016
42,"5_1",12,2.32218794280707,0.882716049382716,0.934517175124137,"NSABHC0009",0.231806073763543,0.0104574804965703,8.34900511294141e-08,0.00018594921685173,"masked",2016
43,"5_2",6,1.49104260869242,0.72,0.832166724551933,"NSABHC0009",0.305786832296434,0.0189401486749073,4.97160667587225e-08,0.00029909618191056,"unmasked",2016
44,"5_2",6,1.49104260869242,0.72,0.832166724551933,"NSABHC0009",0.211629528321363,0.00728346202935821,8.52213890593835e-08,0.00017053600465585,"masked",2016
45,"5_3",6,1.45559918997694,0.716553287981859,0.812385375925521,"NSABHC0009",0.257493455209324,0.0123989355803491,2.96365620583129e-08,0.00020520506365547,"unmasked",2016
46,"5_3",6,1.45559918997694,0.716553287981859,0.812385375925521,"NSABHC0009",0.210211148828509,0.00761012757624943,5.342767437041e-08,0.00012811819089136,"masked",2016
47,"5_4",14,2.3698433131518,0.887543252595156,0.897988568326135,"NSABHC0009",0.325210657916373,0.0205650284755231,5.51748092034392e-08,0.00041641474282655,"unmasked",2016
48,"5_4",14,2.3698433131518,0.887543252595156,0.897988568326135,"NSABHC0009",0.220066261754372,0.00824859511813378,1.0318535354545e-07,0.00026428855903666,"masked",2016
49,"5_5",11,2.10556124211643,0.842249657064472,0.878087240090022,"NSABHC0009",0.351478043306,0.0386573343983552,5.85807080491385e-08,0.00047702628403272,"unmasked",2016
50,"5_5",11,2.10556124211643,0.842249657064472,0.878087240090022,"NSABHC0009",0.244642005859817,0.0132187367548333,1.04146219266838e-07,0.00028774558878938,"masked",2016
51,"1_1",6,1.67698777432242,0.790123456790123,0.935944697445866,"NSABHC0012",0.232189567005325,0.0212607424839353,4.70711331467033e-08,0.00022359132372397,"unmasked",2016
52,"1_1",6,1.67698777432242,0.790123456790123,0.935944697445866,"NSABHC0012",0.161940608356378,0.00878120866328661,5.16649443476952e-08,0.00014436031128941,"masked",2016
53,"1_2",8,1.95125950414396,0.840236686390533,0.938357470038648,"NSABHC0012",0.207072713681695,0.0150550996196166,5.40960192241193e-08,0.00024994310848544,"unmasked",2016
54,"1_2",8,1.95125950414396,0.840236686390533,0.938357470038648,"NSABHC0012",0.158958000029527,0.00863175544851165,5.62927761302488e-08,0.00016374102001492,"masked",2016
55,"1_3",7,1.53530701758817,0.715,0.788991731367208,"NSABHC0012",0.25219447321042,0.027072212249451,7.95938979735113e-08,0.00038329618158185,"unmasked",2016
56,"1_3",7,1.53530701758817,0.715,0.788991731367208,"NSABHC0012",0.193000197284342,0.014292631289215,9.13967214539475e-08,0.00025937142799826,"masked",2016
57,"1_4",7,1.30206139187297,0.57617728531856,0.669127190947171,"NSABHC0012",0.17913367350313,0.0145794151008466,4.62910306839168e-08,0.00019535892261369,"unmasked",2016
58,"1_4",7,1.30206139187297,0.57617728531856,0.669127190947171,"NSABHC0012",0.168601822994622,0.0128022893612384,6.72020534729317e-08,0.00017184921108743,"masked",2016
59,"1_5",8,1.98133251472398,0.8515625,0.952819531114783,"NSABHC0012",0.159212794279375,0.0147595746703135,4.42733674722656e-08,0.00018569167628988,"unmasked",2016
60,"1_5",8,1.98133251472398,0.8515625,0.952819531114783,"NSABHC0012",0.148937873991826,0.0122435762166004,5.8635609441574e-08,0.00015188205817361,"masked",2016
61,"2_1",12,2.23269447718707,0.853185595567867,0.898502355159921,"NSABHC0012",0.153859306203866,0.00815053021572115,3.75754972277299e-08,0.00017545076408655,"unmasked",2016
62,"2_1",12,2.23269447718707,0.853185595567867,0.898502355159921,"NSABHC0012",0.148551390749309,0.00773068571339705,5.12735210557104e-08,0.00014994830526365,"masked",2016
63,"2_2",14,2.20209030524857,0.836734693877551,0.834423064833384,"NSABHC0012",0.169921169790121,0.0107283742585772,4.93365522645875e-08,0.00025458682821199,"unmasked",2016
64,"2_2",14,2.20209030524857,0.836734693877551,0.834423064833384,"NSABHC0012",0.163722829565498,0.0100593145436172,6.66387946414391e-08,0.00021001875490684,"masked",2016
65,"2_3",9,1.92153253594294,0.822314049586777,0.874527144727503,"NSABHC0012",0.195664746428317,0.0158291348519439,5.48874715299617e-08,0.00027909466248382,"unmasked",2016
66,"2_3",9,1.92153253594294,0.822314049586777,0.874527144727503,"NSABHC0012",0.18187178235533,0.0133750915038306,7.79803293019007e-08,0.00024084181768369,"masked",2016
67,"2_4",5,1.49417513828931,0.75,0.928383211769586,"NSABHC0012",0.214816316111705,0.0357643613177349,6.50573613270105e-08,0.00028525807921671,"unmasked",2016
68,"2_4",5,1.49417513828931,0.75,0.928383211769586,"NSABHC0012",0.174121793724862,0.0174424014567141,8.14233945104671e-08,0.00021160833929705,"masked",2016
69,"2_5",6,1.74786809746676,0.816326530612245,0.975503759006108,"NSABHC0012",0.18569609414563,0.0367627116379953,5.11867672871784e-08,0.00026723236574222,"unmasked",2016
70,"2_5",6,1.74786809746676,0.816326530612245,0.975503759006108,"NSABHC0012",0.164027293672042,0.0193330683514438,6.76624202709164e-08,0.00022218708901271,"masked",2016
71,"3_1",11,2.08133811130575,0.834183673469388,0.86798540992026,"NSABHC0012",0.183398476673327,0.014599039227733,6.22030069437045e-08,0.00038424006190607,"unmasked",2016
72,"3_1",11,2.08133811130575,0.834183673469388,0.86798540992026,"NSABHC0012",0.169765197187387,0.0121993880128782,8.41693226685999e-08,0.00031812805142285,"masked",2016
73,"3_2",9,1.5507721843811,0.661117717003567,0.705786836892732,"NSABHC0012",0.189042154766857,0.0133662145438136,4.82813463661799e-08,0.00027820470437255,"unmasked",2016
74,"3_2",9,1.5507721843811,0.661117717003567,0.705786836892732,"NSABHC0012",0.182775927914346,0.0126478660229499,6.55070732745125e-08,0.00023202954070454,"masked",2016
75,"3_3",10,1.98653023662105,0.82,0.862739119898485,"NSABHC0012",0.180369560252095,0.0134722706239635,1.10650442850606e-07,0.0004324673719253,"unmasked",2016
76,"3_3",10,1.98653023662105,0.82,0.862739119898485,"NSABHC0012",0.169871741061374,0.0118625547307205,7.67380177692915e-08,0.00019015057674173,"masked",2016
77,"3_4",8,1.80189240065887,0.791111111111111,0.866527076882021,"NSABHC0012",0.218934070855347,0.031038974254441,7.98674127564875e-08,0.00037218174204379,"unmasked",2016
78,"3_4",8,1.80189240065887,0.791111111111111,0.866527076882021,"NSABHC0012",0.172765534784857,0.0154641894459688,1.03754970386497e-07,0.00029503734486325,"masked",2016
79,"3_5",11,2.16597649534005,0.85121107266436,0.903282357620369,"NSABHC0012",0.221403320522421,0.03344284432751,5.43038283634866e-08,0.00025354536854438,"unmasked",2016
80,"3_5",11,2.16597649534005,0.85121107266436,0.903282357620369,"NSABHC0012",0.172257980847547,0.0158882028995982,7.0510137999231e-08,0.0001935373293844,"masked",2016
82,"4_2",10,1.67262544615032,0.677685950413223,0.726412001554049,"NSABHC0012",0.170277919239423,0.013660827805867,4.53543445664544e-08,0.00024116101198149,"unmasked",2016
83,"4_2",10,1.67262544615032,0.677685950413223,0.726412001554049,"NSABHC0012",0.159055043010121,0.0116568043452661,6.23440577520956e-08,0.0002022063718258,"masked",2016
84,"4_3",10,2.19722457733622,0.876543209876543,0.954242509439325,"NSABHC0012",0.153544932707557,0.0107313830299725,2.7302826106072e-08,0.00010556128229174,"unmasked",2016
85,"4_3",10,2.19722457733622,0.876543209876543,0.954242509439325,"NSABHC0012",0.149059160350869,0.0100246727491751,4.10730797531161e-08,9.6255774653386e-05,"masked",2016
86,"4_4",7,1.76948841531069,0.807256235827664,0.909337163470641,"NSABHC0012",0.195225561099924,0.0222286223779076,5.40814223898873e-08,0.00025981089343497,"unmasked",2016
87,"4_4",7,1.76948841531069,0.807256235827664,0.909337163470641,"NSABHC0012",0.157063148316266,0.012522117580338,7.1100841204761e-08,0.00020285363684291,"masked",2016
88,"4_5",6,1.54197643276282,0.734375,0.860593433016517,"NSABHC0012",0.17279487408859,0.0112096123061312,4.46355120568856e-08,0.0001993231879479,"unmasked",2016
89,"4_5",6,1.54197643276282,0.734375,0.860593433016517,"NSABHC0012",0.162859486998444,0.00982958314502835,6.03655273026318e-08,0.00016380616702211,"masked",2016
92,"5_3",9,2.06206954130016,0.858024691358025,0.938488292261909,"NSABHC0012",0.145715847524041,0.0104971181375198,5.04162273838978e-08,0.00026742528775329,"unmasked",2016
93,"5_3",9,2.06206954130016,0.858024691358025,0.938488292261909,"NSABHC0012",0.142886500203342,0.0100376676415216,7.40710808118317e-08,0.00023846166244112,"masked",2016
94,"5_4",9,1.69465715322607,0.724279835390947,0.771271708275068,"NSABHC0012",0.21219061388055,0.0205993913894036,6.86997409220415e-08,0.00041603933078773,"unmasked",2016
95,"5_4",9,1.69465715322607,0.724279835390947,0.771271708275068,"NSABHC0012",0.207651858767602,0.0201483796259564,1.00714005848101e-07,0.00037199279341169,"masked",2016
96,"5_5",9,1.70305467680642,0.714876033057851,0.775093585959746,"NSABHC0012",0.183580916318089,0.0142464452993063,4.79115106006406e-08,0.00023016130815502,"unmasked",2016
97,"5_5",9,1.70305467680642,0.714876033057851,0.775093585959746,"NSABHC0012",0.176488184785998,0.0134592703364936,7.0475282381045e-08,0.0002023217225288,"masked",2016
1,"1_1",4,1.18741576984366,0.657439446366782,0.856539421313397,"NSABHC0009",0.4012628782608,0.00490291391547829,1.25093068859865e-09,1.65392310994794e-07,"unmasked",2024
2,"1_1",4,1.18741576984366,0.657439446366782,0.856539421313397,"NSABHC0009",0.299350158287775,0.00176031013020679,1.68532526454204e-09,4.71069554320336e-08,"masked",2024
3,"1_2",10,2.07915127288285,0.835555555555556,0.902963924855144,"NSABHC0009",0.366651774423214,0.0037147324587148,1.14605531731573e-09,1.3741477000131e-07,"unmasked",2024
4,"1_2",10,2.07915127288285,0.835555555555556,0.902963924855144,"NSABHC0009",0.287495296406014,0.00173787956890695,1.78615403688021e-09,5.30318641939126e-08,"masked",2024
5,"1_3",13,2.32201908832348,0.879706152433425,0.905288473461918,"NSABHC0009",0.350423608124976,0.00256730114339831,1.0318598060127e-09,1.2943558879205e-07,"unmasked",2024
6,"1_3",13,2.32201908832348,0.879706152433425,0.905288473461918,"NSABHC0009",0.257281190184943,0.00118417978353796,1.38931947389289e-09,3.27916972016429e-08,"masked",2024
7,"1_4",12,1.88401209885345,0.737217598097503,0.758182243592202,"NSABHC0009",0.344654315588464,0.0022726758477748,8.5011313427082e-10,7.87028629673262e-08,"unmasked",2024
8,"1_4",12,1.88401209885345,0.737217598097503,0.758182243592202,"NSABHC0009",0.277275048662409,0.00143812585688525,1.50405412706684e-09,3.52810907245265e-08,"masked",2024
9,"1_5",10,2.21610224809126,0.882716049382716,0.962440977679427,"NSABHC0009",0.364091778681231,0.00294655460880166,7.7799292740137e-10,8.19072992179857e-08,"unmasked",2024
10,"1_5",10,2.21610224809126,0.882716049382716,0.962440977679427,"NSABHC0009",0.290907697360874,0.0016788824655154,1.28623965113747e-09,3.22328406117999e-08,"masked",2024
11,"2_1",7,1.78548603966169,0.818877551020408,0.917558316106476,"NSABHC0009",0.381498744717194,0.00503437169807347,1.12001826532591e-09,1.22692563765884e-07,"unmasked",2024
12,"2_1",7,1.78548603966169,0.818877551020408,0.917558316106476,"NSABHC0009",0.344350527830361,0.00260795606968714,1.68847674188521e-09,4.20986669577994e-08,"masked",2024
13,"2_2",11,2.2014429238525,0.871836734693878,0.918073007118193,"NSABHC0009",0.365621578328996,0.0029556536164285,1.08113678995952e-09,1.22967734366696e-07,"unmasked",2024
14,"2_2",11,2.2014429238525,0.871836734693878,0.918073007118193,"NSABHC0009",0.291832978396098,0.00158503668064486,1.7507300364591e-09,4.74027280356241e-08,"masked",2024
15,"2_3",15,2.51234112789095,0.903225806451613,0.927730633231392,"NSABHC0009",0.305855878042515,0.00152762299280907,7.70665473874372e-10,6.99534371768926e-08,"unmasked",2024
16,"2_3",15,2.51234112789095,0.903225806451613,0.927730633231392,"NSABHC0009",0.252689612156826,0.00107327238389591,1.39961837719308e-09,3.17590548868616e-08,"masked",2024
17,"2_4",14,2.19896885869983,0.826446280991736,0.833240276375659,"NSABHC0009",0.2746065878532,0.00105942512429792,5.7950893015857e-10,5.10501659102733e-08,"unmasked",2024
18,"2_4",14,2.19896885869983,0.826446280991736,0.833240276375659,"NSABHC0009",0.240106402041997,0.00086262396807269,1.0575023673946e-09,2.54326614807825e-08,"masked",2024
19,"2_5",13,2.45344453378428,0.906666666666667,0.956527475541425,"NSABHC0009",0.345623716810369,0.00272166192802573,8.07961213308096e-10,8.39491189259005e-08,"unmasked",2024
20,"2_5",13,2.45344453378428,0.906666666666667,0.956527475541425,"NSABHC0009",0.27142574600498,0.00145137579828564,1.21890705684932e-09,2.93693483334004e-08,"masked",2024
21,"3_1",5,1.27001815191049,0.653061224489796,0.789106645306824,"NSABHC0009",0.238234235431117,0.00252380277848098,1.22522659632199e-09,1.56127511125303e-07,"unmasked",2024
22,"3_1",5,1.27001815191049,0.653061224489796,0.789106645306824,"NSABHC0009",0.218431192265712,0.00154027533266919,1.5871498595966e-09,4.3540196077711e-08,"masked",2024
23,"3_2",11,2.01557151071718,0.816635160680529,0.840558607200964,"NSABHC0009",0.321213693825338,0.00188248753947183,8.2258831066211e-10,1.00211589160371e-07,"unmasked",2024
24,"3_2",11,2.01557151071718,0.816635160680529,0.840558607200964,"NSABHC0009",0.260913057347818,0.00119749791216525,1.26250828809384e-09,3.41320897866364e-08,"masked",2024
25,"3_3",11,2.02774013379719,0.835640138408305,0.845633317184362,"NSABHC0009",0.302917189135192,0.00163764858024617,8.54496581536319e-10,1.03829527350817e-07,"unmasked",2024
26,"3_3",11,2.02774013379719,0.835640138408305,0.845633317184362,"NSABHC0009",0.245069277637901,0.00103934289999865,1.44716437551838e-09,4.54985437035274e-08,"masked",2024
27,"3_4",11,2.03507031111927,0.83283759666865,0.848690238562553,"NSABHC0009",0.299062712472109,0.00162384803210154,8.91080000695205e-10,1.05398708414634e-07,"unmasked",2024
28,"3_4",11,2.03507031111927,0.83283759666865,0.848690238562553,"NSABHC0009",0.256753801368128,0.00118113721923392,1.64131670532363e-09,5.13389861511815e-08,"masked",2024
29,"3_5",7,1.54818334218936,0.718934911242604,0.795608853235573,"NSABHC0009",0.295900568344845,0.00228238212975142,9.40187335999721e-10,1.01755638203255e-07,"unmasked",2024
30,"3_5",7,1.54818334218936,0.718934911242604,0.795608853235573,"NSABHC0009",0.245684725371984,0.00129903943087701,1.63964037916736e-09,4.85142956536879e-08,"masked",2024
31,"4_1",10,2.12020822394067,0.858024691358025,0.920794732143327,"NSABHC0009",0.297642264998292,0.00265713103760271,1.25709756862771e-09,1.93010899062836e-07,"unmasked",2024
32,"4_1",10,2.12020822394067,0.858024691358025,0.920794732143327,"NSABHC0009",0.245714115697777,0.00130551855173004,1.55559715657932e-09,4.99550086461545e-08,"masked",2024
33,"4_2",10,2.04485880136326,0.847736625514403,0.888070893703363,"NSABHC0009",0.362344883347551,0.00276378910576154,1.16052395571905e-09,1.74642151583881e-07,"unmasked",2024
34,"4_2",10,2.04485880136326,0.847736625514403,0.888070893703363,"NSABHC0009",0.26560782548761,0.00124764423652688,1.63564739561935e-09,4.9248544780854e-08,"masked",2024
35,"4_3",14,2.23587539544143,0.842872008324662,0.847225018702946,"NSABHC0009",0.349452578136737,0.00208234903707494,1.04356085490274e-09,1.56834566872147e-07,"unmasked",2024
36,"4_3",14,2.23587539544143,0.842872008324662,0.847225018702946,"NSABHC0009",0.256667373708978,0.00104447784345253,1.45443638001979e-09,5.18746414799216e-08,"masked",2024
37,"4_4",9,1.73798344858705,0.739644970414201,0.79099035506606,"NSABHC0009",0.342401002730508,0.00246483301679021,1.06921041277564e-09,1.53822142165794e-07,"unmasked",2024
38,"4_4",9,1.73798344858705,0.739644970414201,0.79099035506606,"NSABHC0009",0.252971579932347,0.00114818490792546,1.54260104706303e-09,5.09690542681454e-08,"masked",2024
39,"4_5",15,2.37580851113547,0.86625,0.877313319438644,"NSABHC0009",0.321488116168549,0.00199665740125907,1.23707279533877e-09,1.38770638009112e-07,"unmasked",2024
40,"4_5",15,2.37580851113547,0.86625,0.877313319438644,"NSABHC0009",0.246235046084412,0.00114397983413858,1.70509962414689e-09,5.19327335441251e-08,"masked",2024
41,"5_1",8,1.91721551856506,0.835,0.921985773649725,"NSABHC0009",0.320298615744099,0.00279712340299358,1.54464296705322e-09,3.34189664979746e-07,"unmasked",2024
42,"5_1",8,1.91721551856506,0.835,0.921985773649725,"NSABHC0009",0.255828785389365,0.00146745931656201,1.86445669325751e-09,8.70948604840152e-08,"masked",2024
43,"5_2",13,2.14856921164768,0.830078125,0.837665354053643,"NSABHC0009",0.343735723906209,0.00254566644004844,1.61497157670262e-09,2.88814500583123e-07,"unmasked",2024
44,"5_2",13,2.14856921164768,0.830078125,0.837665354053643,"NSABHC0009",0.260457853509907,0.00126083238624338,1.80556142245957e-09,7.9765385651323e-08,"masked",2024
45,"5_3",14,2.3429488619003,0.868571428571429,0.887797637288112,"NSABHC0009",0.331143944983247,0.00188458683974105,1.22041338045556e-09,1.87036173622966e-07,"unmasked",2024
46,"5_3",14,2.3429488619003,0.868571428571429,0.887797637288112,"NSABHC0009",0.258627103652539,0.00111567199147014,1.71242289511149e-09,6.51145691426449e-08,"masked",2024
47,"5_4",20,2.76975139252024,0.921296296296296,0.924565728710576,"NSABHC0009",0.422885108183638,0.00267295966524907,1.11326556520877e-09,1.48351295393957e-07,"unmasked",2024
48,"5_4",20,2.76975139252024,0.921296296296296,0.924565728710576,"NSABHC0009",0.271877877920083,0.00102285639555655,1.59782386818337e-09,5.58715214437418e-08,"masked",2024
49,"5_5",12,2.13288006733548,0.842222222222222,0.858334081691739,"NSABHC0009",0.423658730010253,0.0049856586362627,1.21460271129725e-09,1.74590312609505e-07,"unmasked",2024
50,"5_5",12,2.13288006733548,0.842222222222222,0.858334081691739,"NSABHC0009",0.284272762535263,0.00146435637751715,1.57660939981328e-09,4.8104890415491e-08,"masked",2024
51,"1_1",6,1.73512645696292,0.814814814814815,0.968392514041223,"NSABHC0012",0.190523199573779,0.00175148128576674,2.35483227316519e-09,3.02441264263958e-08,"unmasked",2024
52,"1_1",6,1.73512645696292,0.814814814814815,0.968392514041223,"NSABHC0012",0.190650234904918,0.00172861760542556,2.2566257207695e-09,1.99978840180795e-08,"masked",2024
53,"1_2",7,1.59640076319078,0.757777777777778,0.820387705961547,"NSABHC0012",0.197062977397532,0.00172258394087847,2.21569557756043e-09,2.94233858131241e-08,"unmasked",2024
54,"1_2",7,1.59640076319078,0.757777777777778,0.820387705961547,"NSABHC0012",0.191534002502229,0.00161836547420813,2.17586200920727e-09,1.83669375213999e-08,"masked",2024
55,"1_3",6,1.40841936680115,0.697916666666667,0.786053815252301,"NSABHC0012",0.204441080170706,0.00183954461166413,2.35890335658514e-09,3.63935305419981e-08,"unmasked",2024
56,"1_3",6,1.40841936680115,0.697916666666667,0.786053815252301,"NSABHC0012",0.197538973255561,0.00167424626795889,2.39112170478351e-09,2.49955853219757e-08,"masked",2024
57,"1_4",8,1.84645059867221,0.805,0.887955040650285,"NSABHC0012",0.179747487194376,0.0014478015256551,2.14687134149897e-09,2.88719229226044e-08,"unmasked",2024
58,"1_4",8,1.84645059867221,0.805,0.887955040650285,"NSABHC0012",0.17475217498742,0.00134350903284182,1.9039123288333e-09,1.47064242892347e-08,"masked",2024
59,"1_5",13,2.43521297983411,0.9024,0.949419516900006,"NSABHC0012",0.178054463655612,0.00138993290530328,2.42344114024898e-09,3.26176379080453e-08,"unmasked",2024
60,"1_5",13,2.43521297983411,0.9024,0.949419516900006,"NSABHC0012",0.173976295621095,0.0012863898247978,2.09167240514102e-09,1.86980755012518e-08,"masked",2024
61,"2_1",8,1.34644677332498,0.61524334251607,0.647504027565632,"NSABHC0012",0.173186176268996,0.0013421838231708,1.64825723054035e-09,1.97137700596205e-08,"unmasked",2024
62,"2_1",8,1.34644677332498,0.61524334251607,0.647504027565632,"NSABHC0012",0.170539817210265,0.00130300153956308,1.8919078066788e-09,1.54092037262514e-08,"masked",2024
63,"2_2",9,1.87374551099982,0.809027777777778,0.852778332413993,"NSABHC0012",0.195416007228509,0.00170574579156424,1.3319009589115e-09,1.42044103565521e-08,"unmasked",2024
64,"2_2",9,1.87374551099982,0.809027777777778,0.852778332413993,"NSABHC0012",0.190084736937357,0.00160367512631089,1.43952616142139e-09,1.0211624110678e-08,"masked",2024
65,"2_3",7,1.83378554682005,0.826530612244898,0.942379352772432,"NSABHC0012",0.212347941142343,0.00196920747006978,1.61035402234734e-09,1.64775430016367e-08,"unmasked",2024
66,"2_3",7,1.83378554682005,0.826530612244898,0.942379352772432,"NSABHC0012",0.202913020960245,0.00177201889634652,1.75923695747864e-09,1.21493242017411e-08,"masked",2024
67,"2_4",9,1.86166558630303,0.805785123966942,0.847280521757135,"NSABHC0012",0.193694259905804,0.00188491560773154,1.77695509324312e-09,1.97886081018605e-08,"unmasked",2024
68,"2_4",9,1.86166558630303,0.805785123966942,0.847280521757135,"NSABHC0012",0.191502377628079,0.001689306879057,1.90431331936054e-09,1.36671674851248e-08,"masked",2024
69,"2_5",8,2.02532622077007,0.86,0.973976031629121,"NSABHC0012",0.150046152883436,0.0014069546191694,1.3947613099457e-09,1.55244130258997e-08,"unmasked",2024
70,"2_5",8,2.02532622077007,0.86,0.973976031629121,"NSABHC0012",0.156128757730256,0.00133430047270788,1.40472714467803e-09,9.96196334508358e-09,"masked",2024
71,"3_1",13,2.10311884484044,0.795138888888889,0.819945562949374,"NSABHC0012",0.180905774750529,0.00146835981063643,1.78526702316628e-09,2.14104974650945e-08,"unmasked",2024
72,"3_1",13,2.10311884484044,0.795138888888889,0.819945562949374,"NSABHC0012",0.18310884310428,0.00145262052315997,1.99505534354215e-09,1.56558129272744e-08,"masked",2024
73,"3_2",15,2.54334766996202,0.9056,0.93918039958301,"NSABHC0012",0.213945050280821,0.00172221843297197,1.74555002428564e-09,2.26532151801213e-08,"unmasked",2024
74,"3_2",15,2.54334766996202,0.9056,0.93918039958301,"NSABHC0012",0.205421165044116,0.00160185349932284,1.90590642031315e-09,1.73289040597488e-08,"masked",2024
75,"3_3",11,2.16575129629171,0.864795918367347,0.903188442322695,"NSABHC0012",0.202938182203667,0.00174375352536082,1.68830210685221e-09,1.56293426292876e-08,"unmasked",2024
76,"3_3",11,2.16575129629171,0.864795918367347,0.903188442322695,"NSABHC0012",0.196422960673782,0.00162449295218691,1.84953387332808e-09,1.14844500685169e-08,"masked",2024
77,"3_4",7,1.61001243718572,0.726643598615917,0.827382722664426,"NSABHC0012",0.190090148692082,0.00185837719328662,1.37247913520645e-09,1.33397784198782e-08,"unmasked",2024
78,"3_4",7,1.61001243718572,0.726643598615917,0.827382722664426,"NSABHC0012",0.183232701406503,0.00144102822106376,1.40600899596158e-09,9.43650942940231e-09,"masked",2024
79,"3_5",8,1.92512119079082,0.828402366863905,0.925787598354723,"NSABHC0012",0.174891192710385,0.00178956625965774,1.58327050594913e-09,1.71854124321825e-08,"unmasked",2024
80,"3_5",8,1.92512119079082,0.828402366863905,0.925787598354723,"NSABHC0012",0.184891345629055,0.00158995608720028,1.55028750300267e-09,1.12748514102588e-08,"masked",2024
81,"4_1",9,1.73798344858705,0.739644970414201,0.79099035506606,"NSABHC0012",0.19512459710655,0.00182815603172502,2.01386066243004e-09,2.40090744028415e-08,"unmasked",2024
82,"4_1",9,1.73798344858705,0.739644970414201,0.79099035506606,"NSABHC0012",0.186210256311624,0.00162718533996021,2.24206138727081e-09,1.8486461769092e-08,"masked",2024
83,"4_2",13,2.38422573909443,0.89437585733882,0.929541057860899,"NSABHC0012",0.219732463242282,0.00194875772158724,1.97709132883776e-09,2.65000878865369e-08,"unmasked",2024
84,"4_2",13,2.38422573909443,0.89437585733882,0.929541057860899,"NSABHC0012",0.206819326571707,0.00170217012717425,2.20692525418788e-09,2.0387467471104e-08,"masked",2024
85,"4_3",10,1.8322409760479,0.775147928994083,0.795732145414631,"NSABHC0012",0.203726870294726,0.00157433576782647,1.48609921420466e-09,1.57853986740122e-08,"unmasked",2024
86,"4_3",10,1.8322409760479,0.775147928994083,0.795732145414631,"NSABHC0012",0.193074820636824,0.00142084183259319,1.62446895616613e-09,1.15797257298905e-08,"masked",2024
87,"4_4",9,2.09472904752765,0.861111111111111,0.953352274107169,"NSABHC0012",0.201105688788931,0.00170091210790364,1.45558757573616e-09,1.64315988312205e-08,"unmasked",2024
88,"4_4",9,2.09472904752765,0.861111111111111,0.953352274107169,"NSABHC0012",0.192598829466526,0.00146070237572377,1.48635831827019e-09,1.13074141613139e-08,"masked",2024
89,"4_5",10,2.03060675670842,0.828532235939643,0.881881309353928,"NSABHC0012",0.206119802060607,0.0016186700474771,1.55092667752996e-09,1.26648976060799e-08,"unmasked",2024
90,"4_5",10,2.03060675670842,0.828532235939643,0.881881309353928,"NSABHC0012",0.195379199923261,0.00141016564033203,1.49660203557531e-09,8.61764999443969e-09,"masked",2024
91,"5_1",4,1.38629436111989,0.75,1,"NSABHC0012",0.129981891737252,0.00099768732427152,3.76401161094051e-09,1.12745293231313e-07,"unmasked",2024
92,"5_1",4,1.38629436111989,0.75,1,"NSABHC0012",0.176572778313551,0.00154070948434983,2.03288004311525e-09,1.65938912531419e-08,"masked",2024
93,"5_2",7,1.67034858224937,0.788888888888889,0.858389367597614,"NSABHC0012",0.212590589702491,0.0021336331884015,3.93500813937083e-09,7.75092421641292e-08,"unmasked",2024
94,"5_2",7,1.67034858224937,0.788888888888889,0.858389367597614,"NSABHC0012",0.205863959132657,0.00194865937856768,3.75401184489961e-09,4.94992795990678e-08,"masked",2024
95,"5_3",8,1.73884411392334,0.788265306122449,0.836207260012055,"NSABHC0012",0.199305668305184,0.0015766761020911,1.66936717401224e-09,1.81757989956073e-08,"unmasked",2024
96,"5_3",8,1.73884411392334,0.788265306122449,0.836207260012055,"NSABHC0012",0.18747896654177,0.00139524981129363,1.78970116841777e-09,1.30350124523024e-08,"masked",2024
97,"5_4",10,2.11924608258106,0.864444444444444,0.920376879460035,"NSABHC0012",0.203591030148381,0.00146964180138991,1.50198944758052e-09,1.81722636411416e-08,"unmasked",2024
98,"5_4",10,2.11924608258106,0.864444444444444,0.920376879460035,"NSABHC0012",0.187259892118515,0.00124851182215933,1.63717464284538e-09,1.3165314738731e-08,"masked",2024
99,"5_5",8,1.73286795139986,0.770833333333333,0.833333333333333,"NSABHC0012",0.206860751645784,0.0014699267580079,1.54947257801884e-09,1.8112240313112e-08,"unmasked",2024
100,"5_5",8,1.73286795139986,0.770833333333333,0.833333333333333,"NSABHC0012",0.19085204105979,0.00126138939029799,1.59358969944634e-09,1.19107555996953e-08,"masked",2024
101,"1_1",6,1.48945882073376,0.724489795918367,0.831282795662,"NSABHC0011",0.216631678652143,0.00180465086272851,2.13533840374557e-09,2.88166215001992e-07,"unmasked",2024
102,"1_1",6,1.48945882073376,0.724489795918367,0.831282795662,"NSABHC0011",0.202885022005977,0.00113859708682704,4.4194227325366e-09,1.15875228974284e-07,"masked",2024
103,"1_2",7,1.71184513523391,0.781065088757396,0.879714377390429,"NSABHC0011",0.21389018160986,0.00169554555050076,1.84029295706231e-09,1.9584212622893e-07,"unmasked",2024
104,"1_2",7,1.71184513523391,0.781065088757396,0.879714377390429,"NSABHC0011",0.201812116352187,0.00114283876712828,4.26749470651697e-09,9.93929974773497e-08,"masked",2024
105,"1_3",7,1.70947277658421,0.782222222222222,0.878495226212842,"NSABHC0011",0.234708809063888,0.00172157460219621,2.23129914739812e-09,1.75831921784566e-07,"unmasked",2024
106,"1_3",7,1.70947277658421,0.782222222222222,0.878495226212842,"NSABHC0011",0.207995293508041,0.00109895730799826,5.26922769135139e-09,8.26217185067141e-08,"masked",2024
107,"1_4",7,1.6313454208086,0.733727810650888,0.838345707586021,"NSABHC0011",0.220533935159967,0.00164928682955454,2.3379532775918e-09,4.0016544135106e-07,"unmasked",2024
108,"1_4",7,1.6313454208086,0.733727810650888,0.838345707586021,"NSABHC0011",0.193648247179579,0.00097873283221304,4.57477057361099e-09,1.46921405249976e-07,"masked",2024
109,"1_5",6,1.40667770225031,0.679012345679012,0.785081773758588,"NSABHC0011",0.219039953752477,0.00174825992731714,5.24119468977473e-09,1.38168823629953e-06,"unmasked",2024
110,"1_5",6,1.40667770225031,0.679012345679012,0.785081773758588,"NSABHC0011",0.200170444291333,0.00105970870109423,7.88815884070778e-09,3.78989827720656e-07,"masked",2024
111,"2_1",9,1.84999606249284,0.775623268698061,0.84196949259309,"NSABHC0011",0.222515515693832,0.00175039681004691,1.73123976190403e-09,2.2414533590277e-07,"unmasked",2024
112,"2_1",9,1.84999606249284,0.775623268698061,0.84196949259309,"NSABHC0011",0.211463556651173,0.00122024132795908,4.04798158255915e-09,9.96759472389919e-08,"masked",2024
113,"2_2",9,1.98673164880819,0.826666666666667,0.904200539763115,"NSABHC0011",0.217441480722988,0.00162279520629202,1.52517000027589e-09,2.39662043672685e-07,"unmasked",2024
114,"2_2",9,1.98673164880819,0.826666666666667,0.904200539763115,"NSABHC0011",0.200019434821788,0.00107268738415221,3.35316987308199e-09,1.07998967914729e-07,"masked",2024
115,"2_3",6,1.5808185358593,0.7578125,0.88227162351226,"NSABHC0011",0.212801295715095,0.00141399936996518,1.75905202582462e-09,2.90309354967453e-07,"unmasked",2024
116,"2_3",6,1.5808185358593,0.7578125,0.88227162351226,"NSABHC0011",0.190799469584723,0.00091101387577455,4.02026951995749e-09,1.23399495901673e-07,"masked",2024
117,"2_4",4,1.06991734181638,0.609375,0.771782221599798,"NSABHC0011",0.219553896459448,0.00167065408690817,1.76353519344317e-09,3.87936638620089e-07,"unmasked",2024
118,"2_4",4,1.06991734181638,0.609375,0.771782221599798,"NSABHC0011",0.195784792382855,0.00105234060551291,3.85302018343376e-09,1.68715837176669e-07,"masked",2024
119,"2_5",6,1.24682964154851,0.578125,0.695868872447306,"NSABHC0011",0.234254155646492,0.00177616875686223,1.8824544297437e-09,3.97446735780804e-07,"unmasked",2024
120,"2_5",6,1.24682964154851,0.578125,0.695868872447306,"NSABHC0011",0.203635122742539,0.00103307694146793,3.77598232805535e-09,1.6772051913927e-07,"masked",2024
121,"3_1",11,2.13182965258691,0.839002267573696,0.88904201812744,"NSABHC0011",0.234846005818787,0.00170514035068783,1.49192698157293e-09,6.86347650753669e-08,"unmasked",2024
122,"3_1",11,2.13182965258691,0.839002267573696,0.88904201812744,"NSABHC0011",0.20227478609134,0.00103000842621917,3.2880260620027e-09,3.1872006931068e-08,"masked",2024
123,"3_2",8,1.87627358443028,0.817777777777778,0.90229686520284,"NSABHC0011",0.216647077701621,0.00138662139961764,1.48833037923671e-09,8.10192957720481e-08,"unmasked",2024
124,"3_2",8,1.87627358443028,0.817777777777778,0.90229686520284,"NSABHC0011",0.189004476254894,0.00088779040395462,3.11242962574163e-09,3.1536458639187e-08,"masked",2024
125,"3_3",9,1.90682154217955,0.819444444444444,0.867831882934452,"NSABHC0011",0.209004204229963,0.0013430744929929,1.51981061085913e-09,1.1158337577509e-07,"unmasked",2024
126,"3_3",9,1.90682154217955,0.819444444444444,0.867831882934452,"NSABHC0011",0.185703828109393,0.00090394608529304,3.1383794476369e-09,4.74569314860179e-08,"masked",2024
127,"3_4",5,1.52295506753132,0.765432098765432,0.946265187221801,"NSABHC0011",0.222529663154898,0.00169474591906728,2.20673702901994e-09,4.55956010321329e-07,"unmasked",2024
128,"3_4",5,1.52295506753132,0.765432098765432,0.946265187221801,"NSABHC0011",0.20262715949933,0.00104601275420685,4.71477994421622e-09,1.98741489786978e-07,"masked",2024
129,"3_5",5,1.43056229033624,0.735,0.888858327049518,"NSABHC0011",0.232705233174706,0.00166952766373915,2.38743358220929e-09,3.35534467750172e-07,"unmasked",2024
130,"3_5",5,1.43056229033624,0.735,0.888858327049518,"NSABHC0011",0.200558275278825,0.00099357911784212,4.5084504944236e-09,1.33248688608604e-07,"masked",2024
131,"4_1",10,2.16815523601597,0.87037037037037,0.941617854911377,"NSABHC0011",0.216688916975922,0.00152631292680956,1.0808704960037e-09,4.32325516027757e-08,"unmasked",2024
132,"4_1",10,2.16815523601597,0.87037037037037,0.941617854911377,"NSABHC0011",0.192624108811004,0.00094689948921404,2.49295003751363e-09,1.99897659914712e-08,"masked",2024
133,"4_2",7,1.497866136777,0.69,0.76975092478148,"NSABHC0011",0.211098237288509,0.00137456355399353,1.52218888574075e-09,7.41723328791671e-08,"unmasked",2024
134,"4_2",7,1.497866136777,0.69,0.76975092478148,"NSABHC0011",0.18920035260579,0.00087854979464887,3.2345980034723e-09,2.95131626093613e-08,"masked",2024
135,"4_3",8,1.74786809746676,0.761904761904762,0.840546878781106,"NSABHC0011",0.239716303261372,0.00160570846779396,1.56596803881598e-09,1.38215411873498e-07,"unmasked",2024
136,"4_3",8,1.74786809746676,0.761904761904762,0.840546878781106,"NSABHC0011",0.200431619697733,0.00097221203771594,3.05552977484281e-09,5.79858021176464e-08,"masked",2024
137,"4_4",8,1.7910409801239,0.797520661157025,0.861308646684553,"NSABHC0011",0.244897795647073,0.00185281527696438,2.23326506090889e-09,3.90733013887179e-07,"unmasked",2024
138,"4_4",8,1.7910409801239,0.797520661157025,0.861308646684553,"NSABHC0011",0.210691370749055,0.00108851277963452,4.5542158296355e-09,1.64418872897183e-07,"masked",2024
139,"4_5",9,1.86271040816714,0.792243767313019,0.847756040679911,"NSABHC0011",0.225876040562354,0.00161047536347881,2.32939696831708e-09,2.28777472762339e-07,"unmasked",2024
140,"4_5",9,1.86271040816714,0.792243767313019,0.847756040679911,"NSABHC0011",0.199653886311937,0.00101825298262075,4.92759429280502e-09,9.32130213112653e-08,"masked",2024
141,"5_1",8,1.89628522004315,0.827977315689981,0.911920427689095,"NSABHC0011",0.238228366378931,0.00176756047912103,1.58818616626965e-09,7.57097153363159e-08,"unmasked",2024
142,"5_1",8,1.89628522004315,0.827977315689981,0.911920427689095,"NSABHC0011",0.201450753964172,0.00097581443606234,3.04728327364786e-09,2.98038363423536e-08,"masked",2024
143,"5_2",6,1.64173471218752,0.776859504132231,0.916269588849909,"NSABHC0011",0.244853145279715,0.00166840425846998,1.56573427034184e-09,7.8642723591611e-08,"unmasked",2024
144,"5_2",6,1.64173471218752,0.776859504132231,0.916269588849909,"NSABHC0011",0.202121064165595,0.00095938339417596,3.32544262919742e-09,3.25298226223306e-08,"masked",2024
145,"5_3",6,1.67262544615032,0.793388429752066,0.933510035736515,"NSABHC0011",0.24151130612851,0.00167096061294211,1.89463423502414e-09,2.11465957334366e-07,"unmasked",2024
146,"5_3",6,1.67262544615032,0.793388429752066,0.933510035736515,"NSABHC0011",0.204302170806416,0.00100182077320997,3.89579876743523e-09,8.77263338532619e-08,"masked",2024
147,"5_4",7,1.90615474653985,0.84375,0.979569764547061,"NSABHC0011",0.227556675150904,0.00152953354285093,2.32798503285468e-09,3.79107789947144e-07,"unmasked",2024
148,"5_4",7,1.90615474653985,0.84375,0.979569764547061,"NSABHC0011",0.201119347001657,0.00100555266903027,4.70940484231629e-09,1.61179937100299e-07,"masked",2024
149,"5_5",5,1.04379388084415,0.497041420118343,0.648545602648026,"NSABHC0011",0.2206499729968,0.0016027580171959,2.72172749600748e-09,3.04307141083434e-07,"unmasked",2024
150,"5_5",5,1.04379388084415,0.497041420118343,0.648545602648026,"NSABHC0011",0.210388733320093,0.00114953286582724,5.64505042841261e-09,1.2274660716534e-07,"masked",2024
151,"1_1",4,0.940447988655326,0.48,0.67838982472352,"NSABHC0010",0.159564089080602,0.00109478946067183,4.20643570156518e-09,1.05912419999138e-07,"unmasked",2024
152,"1_1",4,0.940447988655326,0.48,0.67838982472352,"NSABHC0010",0.120044579213697,0.00053427384517635,1.01582907470665e-08,1.66542693139751e-08,"masked",2024
153,"1_2",4,1.2366848691405,0.680555555555556,0.892079563925711,"NSABHC0010",0.131947779447533,0.00073737357099013,2.33126407270817e-09,3.90912352947164e-08,"unmasked",2024
154,"1_2",4,1.2366848691405,0.680555555555556,0.892079563925711,"NSABHC0010",0.122386399514234,0.00059365126385304,7.75457496648562e-09,8.03121735342402e-09,"masked",2024
155,"1_3",4,1.33217904021012,0.72,0.960964047443681,"NSABHC0010",0.140139304419315,0.00088955853558232,2.34113950892029e-09,3.10326118977486e-08,"unmasked",2024
156,"1_3",4,1.33217904021012,0.72,0.960964047443681,"NSABHC0010",0.129802249214012,0.00063901866095661,7.24755958286519e-09,6.7989765682621e-09,"masked",2024
157,"1_4",2,0.500402423538188,0.32,0.721928094887362,"NSABHC0010",0.134864305316352,0.00081492844227243,1.73280627689991e-09,3.65657257144157e-08,"unmasked",2024
158,"1_4",2,0.500402423538188,0.32,0.721928094887362,"NSABHC0010",0.136076877107444,0.00063334327399293,5.14631492139392e-09,8.0626751935252e-09,"masked",2024
159,"1_5",4,1.32088834314932,0.71875,0.952819531114783,"NSABHC0010",0.144956712388834,0.00082868145995988,3.61862535517244e-09,6.22866616114343e-08,"unmasked",2024
160,"1_5",4,1.32088834314932,0.71875,0.952819531114783,"NSABHC0010",0.137365232477766,0.00066948096454461,8.7789571741057e-09,1.04590789067282e-08,"masked",2024
161,"2_1",6,1.54267196873815,0.746666666666667,0.860981619035495,"NSABHC0010",0.142417039419092,0.00086485171328383,3.22579616630934e-09,1.04799473910674e-07,"unmasked",2024
162,"2_1",6,1.54267196873815,0.746666666666667,0.860981619035495,"NSABHC0010",0.131070417768464,0.00069969532973076,8.38381499341878e-09,1.93723554871832e-08,"masked",2024
163,"2_2",3,1.05492016798614,0.64,0.960229717860761,"NSABHC0010",0.139915684904261,0.00091811000842046,2.10529271659449e-09,4.73007005951765e-08,"unmasked",2024
164,"2_2",3,1.05492016798614,0.64,0.960229717860761,"NSABHC0010",0.119290780987707,0.00055759587831995,5.36208463000431e-09,7.45660327980494e-09,"masked",2024
165,"2_3",3,0.950270539233235,0.56,0.864973520717927,"NSABHC0010",0.140976936238942,0.00094672050610191,1.96587768333691e-09,4.47446382578842e-08,"unmasked",2024
166,"2_3",3,0.950270539233235,0.56,0.864973520717927,"NSABHC0010",0.128546742467861,0.00061088637811442,4.90943427314864e-09,6.57909840108217e-09,"masked",2024
167,"2_4",2,0.693147180559945,0.5,1,"NSABHC0010",0.134431048300805,0.00087642636616729,1.67664671435356e-09,3.32381978064963e-08,"unmasked",2024
168,"2_4",2,0.693147180559945,0.5,1,"NSABHC0010",0.13353823033909,0.00063775962474968,4.65876576139593e-09,5.37059337300785e-09,"masked",2024
169,"2_5",4,1.27703425946614,0.693877551020408,0.921185496588554,"NSABHC0010",0.148372058692665,0.00116708138295562,2.27239162116907e-09,4.39759990528338e-08,"unmasked",2024
170,"2_5",4,1.27703425946614,0.693877551020408,0.921185496588554,"NSABHC0010",0.155273220149529,0.00087180414786165,7.52623333731146e-09,9.0684635450255e-09,"masked",2024
173,"3_2",2,0.693147180559945,0.5,1,"NSABHC0010",0.157754425904703,0.00148704389425214,2.38261702672549e-09,2.42601251460916e-08,"unmasked",2024
174,"3_2",2,0.693147180559945,0.5,1,"NSABHC0010",0.147312221742241,0.000786875299645,6.11338641426302e-09,4.25464121074213e-09,"masked",2024
177,"3_5",5,1.41848366194566,0.72,0.881353453268883,"NSABHC0010",0.157806721379822,0.00112484939146362,2.61414600689889e-09,4.13373268046029e-08,"unmasked",2024
178,"3_5",5,1.41848366194566,0.72,0.881353453268883,"NSABHC0010",0.140160832239329,0.00069126455731622,7.10071593466631e-09,6.81665477495392e-09,"masked",2024
181,"4_2",4,1.38629436111989,0.75,1,"NSABHC0010",0.141198814861018,0.00103324181537962,2.00033050625814e-09,1.86758099541283e-08,"unmasked",2024
182,"4_2",4,1.38629436111989,0.75,1,"NSABHC0010",0.147392874886415,0.00081087546800049,6.65511735437939e-09,4.03744830126073e-09,"masked",2024
183,"4_3",5,1.5498260458782,0.775510204081633,0.962961064794514,"NSABHC0010",0.165076757492426,0.00138382155584143,2.01241899396086e-09,2.09820522471548e-08,"unmasked",2024
184,"4_3",5,1.5498260458782,0.775510204081633,0.962961064794514,"NSABHC0010",0.160119964950932,0.00092051344074934,5.79914173257038e-09,3.76397335047923e-09,"masked",2024
185,"4_4",4,1.15374194270109,0.612244897959184,0.832248889600231,"NSABHC0010",0.153441133546083,0.00097391342645307,2.03840880876083e-09,3.36242336837988e-08,"unmasked",2024
186,"4_4",4,1.15374194270109,0.612244897959184,0.832248889600231,"NSABHC0010",0.137281985491907,0.00065492607466334,5.3781217136719e-09,5.96658011535323e-09,"masked",2024
187,"4_5",6,1.69574253416963,0.8,0.946411928215015,"NSABHC0010",0.154784320054393,0.00102087101108874,2.02262741623141e-09,1.96016588005189e-08,"unmasked",2024
188,"4_5",6,1.69574253416963,0.8,0.946411928215015,"NSABHC0010",0.134709425289397,0.00067219132600297,5.50474699174896e-09,3.1473240911685e-09,"masked",2024
191,"5_2",4,1.33217904021012,0.72,0.960964047443681,"NSABHC0010",0.134917333024434,0.00095172766109761,2.13869666556048e-09,2.11514374164361e-08,"unmasked",2024
192,"5_2",4,1.33217904021012,0.72,0.960964047443681,"NSABHC0010",0.136720730799296,0.00069927024382824,6.07892200423998e-09,3.95809477518876e-09,"masked",2024
193,"5_3",7,1.88669678465808,0.84,0.969570350190125,"NSABHC0010",0.142973436034311,0.00093525912109193,1.41900783871282e-09,1.26542113859961e-08,"unmasked",2024
194,"5_3",7,1.88669678465808,0.84,0.969570350190125,"NSABHC0010",0.129138467646705,0.00061303951413289,3.98130946397729e-09,2.42186864945474e-09,"masked",2024
195,"5_4",3,1.09005965871078,0.661157024793388,0.992215060722018,"NSABHC0010",0.144693581347654,0.00092841653556607,1.35870730347217e-09,2.02784145585094e-08,"unmasked",2024
196,"5_4",3,1.09005965871078,0.661157024793388,0.992215060722018,"NSABHC0010",0.123412818345687,0.00054661864662017,3.92661333916222e-09,4.14302414205046e-09,"masked",2024
197,"5_5",3,0.974314752869349,0.59375,0.886859507142915,"NSABHC0010",0.12906711036186,0.00065091040873579,1.44016772833238e-09,1.47150284322813e-08,"unmasked",2024
198,"5_5",3,0.974314752869349,0.59375,0.886859507142915,"NSABHC0010",0.123405567368435,0.0005365655544281,3.86429878865943e-09,2.10899609762566e-09,"masked",2024
